;1;2;3;4;5;6;7;8;9;10;11;12;13;14;15;16;17;18;19;20;21;22;23;24;25;26;27;28;29;30;31;32;33;34;35;36;37;38;39;40;41;42;43;44;45;46;47;48;49;50;51;52;53;54;55;56;57;58;59;60;61;62;63;64;65;66;67;68;69;70;71;72;73;74;75;76;77;78;79;80;81;82;83;84;85;86;87;88;89;90;91;92;93;94;95;96;97;98;99;100;101;102;103;104;105;106;107;108;109;110;111;112;113;114;115;116;117;118;119;120;121;122;123;124;125;126;127;128;129;130;131;132;133;134;135;136;137;138;139;140;141;142;143;144;145;146;147;148;149;150;151;152;153;154;155;156;157;158;159;160;161;162;163;164;165;166;167;168;169;170;171;172;173;174;175;176;177;178;179;180;181;182;183;184;185;186;187;188;189;190;191;192;193;194;195;196;197;198;199;200;201;202;203;204;205;206;207;208;209;210;211;212;213;214;215;216;217;218;219;220;221;222;223;224;225;226;227;228;229;230;231;232;233;234;235;236;237;238;239;240;241;242;243;244;245;246;247;248;249;250;251;252;253;254;255;256;257;258;259;260;261;262;263;264;265;266;267;268;269;270;271;272;273;274;275;276;277;278;279;280;281;282;283;284;285;286;287;288;289;290;291;292;293;294;295;296;297;298;299;300;301;302;303;304;305;306;307;308;309;310;311;312;313;314;315;316;317;318;319;320;321;322;323;324;325;326;327;328;329;330;331;332;333;334;335;336;337;338;339;340;341;342;343;344;345;346;347;348;349;350;351;352;353;354;355;356;357;358;359;360;361;362;363;364;365;366;367;368;369;370;371;372;373;374;375;376;377;378;379;380;381;382;383;384;385;386;387;388;389;390;391;392;393;394;395;396;397;398;399;400;401;402;403;404;405;406;407;408;409;410;411;412;413;414;415;416;417;418;419;420;421;422;423;424;425;426;427;428;429;430;431;432;433;434;435;436;437;438;439;440;441;442;443;444;445;446;447;448;449;450;451;452;453;454;455;456;457;458;459;460;461;462;463;464;465;466;467;468;469;470;471;472;473;474;475;476;477;478;479;480;481;482;483;484;485;486;487;488;489;490;491;492;493;494;495;496;497;498;499;500;501;502;503;504;505;506;507;508;509;510;511;512;513;514;515;516;517;518;519;520;521;522;523;524;525;526;527;528;529;530;531;532;533;534;535;536;537;538;539;540;541;542;543;544;545;546;547;548;549;550;551;552;553;554;555;556;557;558;559;560;561;562;563;564;565;566;567;568;569;570;571;572;573;574;575;576;577;578;579;580;581;582;583;584;585;586;587;588;589;590;591;592;593;594;595;596;597;598;599;600;601;602;603;604;605;606;607;608;609;610;611;612;613;614;615;616;617;618;619;620;621;622;623;624;625;626;627;628;629;630;631;632;633;634;635;636;637;638;639;640;641;642;643;644;645;646;647;648;649;650;651;652;653;654;655;656;657;658;659;660;661;662;663;664;665;666;667;668;669;670;671;672;673;674;675;676;677;678;679;680;681;682;683;684;685;686;687;688;689;690;691;692;693;694;695;696;697;698;699;700;701;702;703;704;705;706;707;708;709;710;711;712;713;714;715;716;717;718;719;720;721;722;723;724;725;726;727;728;729;730;731;732;733;734;735;736;737;738;739;740;741;742;743;744;745;746;747;748;749;750;751;752;753;754;755;756;757;758;759;760;761;762;763;764;765;766;767;768;769;770;771;772;773;774;775;776;777;778;779;780;781;782;783;784;785;786;787;788;789;790;791;792;793;794;795;796;797;798;799;800;801;802;803;804;805;806;807;808;809;810;811;812;813;814;815;816;817;818;819;820;821;822;823;824;825;826;827;828;829;830;831;832;833;834;835;836;837;838;839;840;841;842;843;844;845;846;847;848;849;850;851;852;853;854;855;856;857;858;859;860;861;862;863;864;865;866;867;868;869;870;871;872;873;874;875;876;877;878;879;880;881;882;883;884;885;886;887;888;889;890;891;892;893;894;895;896;897;898;899;900;901;902;903;904;905;906;907;908;909;910;911;912;913;914;915;916;917;918;919;920;921;922;923;924;925;926;927;928;929;930;931;932;933;934;935;936;937;938;939;940;941;942;943;944;945;946;947;948;949;950;951;952;953;954;955;956;957;958;959;960;961;962;963;964;965;966;967;968;969;970;971;972;973;974;975;976;977;978;979;980;981;982;983;984;985;986;987;988;989;990;991;992;993;994;995;996;997;998;999;1000;1001
101;0;17;18;26;33;2;5;28;33;9;11;30;15;10;29;9;14;22;19;3;1;30;26;29;19;28;12;16;27;5;11;5;16;34;5;14;14;31;7;18;9;1;26;3;10;17;17;4;34;26;33;4;25;10;19;32;10;25;6;11;33;15;18;10;4;15;22;16;27;13;21;27;32;15;2;25;18;30;16;13;3;16;22;27;29;8;21;28;9;12;29;20;18;23;18;34;26;2;6;19;28;;;;;;;;;;;;;;;;;;;;;;;;;;;;;;;;;;;;;;;;;;;;;;;;;;;;;;;;;;;;;;;;;;;;;;;;;;;;;;;;;;;;;;;;;;;;;;;;;;;;;;;;;;;;;;;;;;;;;;;;;;;;;;;;;;;;;;;;;;;;;;;;;;;;;;;;;;;;;;;;;;;;;;;;;;;;;;;;;;;;;;;;;;;;;;;;;;;;;;;;;;;;;;;;;;;;;;;;;;;;;;;;;;;;;;;;;;;;;;;;;;;;;;;;;;;;;;;;;;;;;;;;;;;;;;;;;;;;;;;;;;;;;;;;;;;;;;;;;;;;;;;;;;;;;;;;;;;;;;;;;;;;;;;;;;;;;;;;;;;;;;;;;;;;;;;;;;;;;;;;;;;;;;;;;;;;;;;;;;;;;;;;;;;;;;;;;;;;;;;;;;;;;;;;;;;;;;;;;;;;;;;;;;;;;;;;;;;;;;;;;;;;;;;;;;;;;;;;;;;;;;;;;;;;;;;;;;;;;;;;;;;;;;;;;;;;;;;;;;;;;;;;;;;;;;;;;;;;;;;;;;;;;;;;;;;;;;;;;;;;;;;;;;;;;;;;;;;;;;;;;;;;;;;;;;;;;;;;;;;;;;;;;;;;;;;;;;;;;;;;;;;;;;;;;;;;;;;;;;;;;;;;;;;;;;;;;;;;;;;;;;;;;;;;;;;;;;;;;;;;;;;;;;;;;;;;;;;;;;;;;;;;;;;;;;;;;;;;;;;;;;;;;;;;;;;;;;;;;;;;;;;;;;;;;;;;;;;;;;;;;;;;;;;;;;;;;;;;;;;;;;;;;;;;;;;;;;;;;;;;;;;;;;;;;;;;;;;;;;;;;;;;;;;;;;;;;;;;;;;;;;;;;;;;;;;;;;;;;;;;;;;;;;;;;;;;;;;;;;;;;;;;;;;;;;;;;;;;;;;;;;;;;;;;;;;;;;;;;;;;
106;0;17;18;26;33;2;5;28;33;9;11;30;15;10;29;9;14;22;19;3;1;30;26;29;19;28;12;16;27;5;11;5;16;34;5;14;14;31;7;18;9;1;26;3;10;17;17;4;34;26;33;4;25;10;19;32;10;25;6;11;33;15;18;10;4;15;22;16;27;13;21;27;32;15;2;25;18;30;16;13;3;16;22;27;29;8;21;28;9;12;29;20;18;23;18;34;26;2;6;19;28;3;24;26;27;30;;;;;;;;;;;;;;;;;;;;;;;;;;;;;;;;;;;;;;;;;;;;;;;;;;;;;;;;;;;;;;;;;;;;;;;;;;;;;;;;;;;;;;;;;;;;;;;;;;;;;;;;;;;;;;;;;;;;;;;;;;;;;;;;;;;;;;;;;;;;;;;;;;;;;;;;;;;;;;;;;;;;;;;;;;;;;;;;;;;;;;;;;;;;;;;;;;;;;;;;;;;;;;;;;;;;;;;;;;;;;;;;;;;;;;;;;;;;;;;;;;;;;;;;;;;;;;;;;;;;;;;;;;;;;;;;;;;;;;;;;;;;;;;;;;;;;;;;;;;;;;;;;;;;;;;;;;;;;;;;;;;;;;;;;;;;;;;;;;;;;;;;;;;;;;;;;;;;;;;;;;;;;;;;;;;;;;;;;;;;;;;;;;;;;;;;;;;;;;;;;;;;;;;;;;;;;;;;;;;;;;;;;;;;;;;;;;;;;;;;;;;;;;;;;;;;;;;;;;;;;;;;;;;;;;;;;;;;;;;;;;;;;;;;;;;;;;;;;;;;;;;;;;;;;;;;;;;;;;;;;;;;;;;;;;;;;;;;;;;;;;;;;;;;;;;;;;;;;;;;;;;;;;;;;;;;;;;;;;;;;;;;;;;;;;;;;;;;;;;;;;;;;;;;;;;;;;;;;;;;;;;;;;;;;;;;;;;;;;;;;;;;;;;;;;;;;;;;;;;;;;;;;;;;;;;;;;;;;;;;;;;;;;;;;;;;;;;;;;;;;;;;;;;;;;;;;;;;;;;;;;;;;;;;;;;;;;;;;;;;;;;;;;;;;;;;;;;;;;;;;;;;;;;;;;;;;;;;;;;;;;;;;;;;;;;;;;;;;;;;;;;;;;;;;;;;;;;;;;;;;;;;;;;;;;;;;;;;;;;;;;;;;;;;;;;;;;;;;;;;;;;;;;;;;;;;;;;;;;;;;;;;;;;;;;;;;;;
110;0;17;18;26;33;2;5;28;33;9;11;30;15;10;29;9;14;22;19;3;1;30;26;29;19;28;12;16;27;5;11;5;16;34;5;14;14;31;7;18;9;1;26;3;10;17;17;4;34;26;33;4;25;10;19;32;10;25;6;11;33;15;18;10;4;15;22;16;27;13;21;27;32;15;2;25;18;30;16;13;3;16;22;27;29;8;21;28;9;12;29;20;18;23;18;34;26;2;6;19;28;3;24;26;27;30;7;19;28;13;;;;;;;;;;;;;;;;;;;;;;;;;;;;;;;;;;;;;;;;;;;;;;;;;;;;;;;;;;;;;;;;;;;;;;;;;;;;;;;;;;;;;;;;;;;;;;;;;;;;;;;;;;;;;;;;;;;;;;;;;;;;;;;;;;;;;;;;;;;;;;;;;;;;;;;;;;;;;;;;;;;;;;;;;;;;;;;;;;;;;;;;;;;;;;;;;;;;;;;;;;;;;;;;;;;;;;;;;;;;;;;;;;;;;;;;;;;;;;;;;;;;;;;;;;;;;;;;;;;;;;;;;;;;;;;;;;;;;;;;;;;;;;;;;;;;;;;;;;;;;;;;;;;;;;;;;;;;;;;;;;;;;;;;;;;;;;;;;;;;;;;;;;;;;;;;;;;;;;;;;;;;;;;;;;;;;;;;;;;;;;;;;;;;;;;;;;;;;;;;;;;;;;;;;;;;;;;;;;;;;;;;;;;;;;;;;;;;;;;;;;;;;;;;;;;;;;;;;;;;;;;;;;;;;;;;;;;;;;;;;;;;;;;;;;;;;;;;;;;;;;;;;;;;;;;;;;;;;;;;;;;;;;;;;;;;;;;;;;;;;;;;;;;;;;;;;;;;;;;;;;;;;;;;;;;;;;;;;;;;;;;;;;;;;;;;;;;;;;;;;;;;;;;;;;;;;;;;;;;;;;;;;;;;;;;;;;;;;;;;;;;;;;;;;;;;;;;;;;;;;;;;;;;;;;;;;;;;;;;;;;;;;;;;;;;;;;;;;;;;;;;;;;;;;;;;;;;;;;;;;;;;;;;;;;;;;;;;;;;;;;;;;;;;;;;;;;;;;;;;;;;;;;;;;;;;;;;;;;;;;;;;;;;;;;;;;;;;;;;;;;;;;;;;;;;;;;;;;;;;;;;;;;;;;;;;;;;;;;;;;;;;;;;;;;;;;;;;;;;;;;;;;;;;;;;;;;;;;;;;;;;;;;;;;;;
115;0;17;18;26;33;2;5;28;33;9;11;30;15;10;29;9;14;22;19;3;1;30;26;29;19;28;12;16;27;5;11;5;16;34;5;14;14;31;7;18;9;1;26;3;10;17;17;4;34;26;33;4;25;10;19;32;10;25;6;11;33;15;18;10;4;15;22;16;27;13;21;27;32;15;2;25;18;30;16;13;3;16;22;27;29;8;21;28;9;12;29;20;18;23;18;34;26;2;6;19;28;3;24;26;27;30;7;19;28;13;7;17;3;8;30;;;;;;;;;;;;;;;;;;;;;;;;;;;;;;;;;;;;;;;;;;;;;;;;;;;;;;;;;;;;;;;;;;;;;;;;;;;;;;;;;;;;;;;;;;;;;;;;;;;;;;;;;;;;;;;;;;;;;;;;;;;;;;;;;;;;;;;;;;;;;;;;;;;;;;;;;;;;;;;;;;;;;;;;;;;;;;;;;;;;;;;;;;;;;;;;;;;;;;;;;;;;;;;;;;;;;;;;;;;;;;;;;;;;;;;;;;;;;;;;;;;;;;;;;;;;;;;;;;;;;;;;;;;;;;;;;;;;;;;;;;;;;;;;;;;;;;;;;;;;;;;;;;;;;;;;;;;;;;;;;;;;;;;;;;;;;;;;;;;;;;;;;;;;;;;;;;;;;;;;;;;;;;;;;;;;;;;;;;;;;;;;;;;;;;;;;;;;;;;;;;;;;;;;;;;;;;;;;;;;;;;;;;;;;;;;;;;;;;;;;;;;;;;;;;;;;;;;;;;;;;;;;;;;;;;;;;;;;;;;;;;;;;;;;;;;;;;;;;;;;;;;;;;;;;;;;;;;;;;;;;;;;;;;;;;;;;;;;;;;;;;;;;;;;;;;;;;;;;;;;;;;;;;;;;;;;;;;;;;;;;;;;;;;;;;;;;;;;;;;;;;;;;;;;;;;;;;;;;;;;;;;;;;;;;;;;;;;;;;;;;;;;;;;;;;;;;;;;;;;;;;;;;;;;;;;;;;;;;;;;;;;;;;;;;;;;;;;;;;;;;;;;;;;;;;;;;;;;;;;;;;;;;;;;;;;;;;;;;;;;;;;;;;;;;;;;;;;;;;;;;;;;;;;;;;;;;;;;;;;;;;;;;;;;;;;;;;;;;;;;;;;;;;;;;;;;;;;;;;;;;;;;;;;;;;;;;;;;;;;;;;;;;;;;;;;;;;;;;;;;;;;;;;;;;;;;;;;;;;;;;;;;;
120;0;17;18;26;33;2;5;28;33;9;11;30;15;10;29;9;14;22;19;3;1;30;26;29;19;28;12;16;27;5;11;5;16;34;5;14;14;31;7;18;9;1;26;3;10;17;17;4;34;26;33;4;25;10;19;32;10;25;6;11;33;15;18;10;4;15;22;16;27;13;21;27;32;15;2;25;18;30;16;13;3;16;22;27;29;8;21;28;9;12;29;20;18;23;18;34;26;2;6;19;28;3;24;26;27;30;7;19;28;13;7;17;3;8;30;23;30;29;30;11;;;;;;;;;;;;;;;;;;;;;;;;;;;;;;;;;;;;;;;;;;;;;;;;;;;;;;;;;;;;;;;;;;;;;;;;;;;;;;;;;;;;;;;;;;;;;;;;;;;;;;;;;;;;;;;;;;;;;;;;;;;;;;;;;;;;;;;;;;;;;;;;;;;;;;;;;;;;;;;;;;;;;;;;;;;;;;;;;;;;;;;;;;;;;;;;;;;;;;;;;;;;;;;;;;;;;;;;;;;;;;;;;;;;;;;;;;;;;;;;;;;;;;;;;;;;;;;;;;;;;;;;;;;;;;;;;;;;;;;;;;;;;;;;;;;;;;;;;;;;;;;;;;;;;;;;;;;;;;;;;;;;;;;;;;;;;;;;;;;;;;;;;;;;;;;;;;;;;;;;;;;;;;;;;;;;;;;;;;;;;;;;;;;;;;;;;;;;;;;;;;;;;;;;;;;;;;;;;;;;;;;;;;;;;;;;;;;;;;;;;;;;;;;;;;;;;;;;;;;;;;;;;;;;;;;;;;;;;;;;;;;;;;;;;;;;;;;;;;;;;;;;;;;;;;;;;;;;;;;;;;;;;;;;;;;;;;;;;;;;;;;;;;;;;;;;;;;;;;;;;;;;;;;;;;;;;;;;;;;;;;;;;;;;;;;;;;;;;;;;;;;;;;;;;;;;;;;;;;;;;;;;;;;;;;;;;;;;;;;;;;;;;;;;;;;;;;;;;;;;;;;;;;;;;;;;;;;;;;;;;;;;;;;;;;;;;;;;;;;;;;;;;;;;;;;;;;;;;;;;;;;;;;;;;;;;;;;;;;;;;;;;;;;;;;;;;;;;;;;;;;;;;;;;;;;;;;;;;;;;;;;;;;;;;;;;;;;;;;;;;;;;;;;;;;;;;;;;;;;;;;;;;;;;;;;;;;;;;;;;;;;;;;;;;;;;;;;;;;;;;;;;;;;;;;;;;;;;;;;;;
125;0;17;18;26;33;2;5;28;33;9;11;30;15;10;29;9;14;22;19;3;1;30;26;29;19;28;12;16;27;5;11;5;16;34;5;14;14;31;7;18;9;1;26;3;10;17;17;4;34;26;33;4;25;10;19;32;10;25;6;11;33;15;18;10;4;15;22;16;27;13;21;27;32;15;2;25;18;30;16;13;3;16;22;27;29;8;21;28;9;12;29;20;18;23;18;34;26;2;6;19;28;3;24;26;27;30;7;19;28;13;7;17;3;8;30;23;30;29;30;11;17;21;10;32;1;;;;;;;;;;;;;;;;;;;;;;;;;;;;;;;;;;;;;;;;;;;;;;;;;;;;;;;;;;;;;;;;;;;;;;;;;;;;;;;;;;;;;;;;;;;;;;;;;;;;;;;;;;;;;;;;;;;;;;;;;;;;;;;;;;;;;;;;;;;;;;;;;;;;;;;;;;;;;;;;;;;;;;;;;;;;;;;;;;;;;;;;;;;;;;;;;;;;;;;;;;;;;;;;;;;;;;;;;;;;;;;;;;;;;;;;;;;;;;;;;;;;;;;;;;;;;;;;;;;;;;;;;;;;;;;;;;;;;;;;;;;;;;;;;;;;;;;;;;;;;;;;;;;;;;;;;;;;;;;;;;;;;;;;;;;;;;;;;;;;;;;;;;;;;;;;;;;;;;;;;;;;;;;;;;;;;;;;;;;;;;;;;;;;;;;;;;;;;;;;;;;;;;;;;;;;;;;;;;;;;;;;;;;;;;;;;;;;;;;;;;;;;;;;;;;;;;;;;;;;;;;;;;;;;;;;;;;;;;;;;;;;;;;;;;;;;;;;;;;;;;;;;;;;;;;;;;;;;;;;;;;;;;;;;;;;;;;;;;;;;;;;;;;;;;;;;;;;;;;;;;;;;;;;;;;;;;;;;;;;;;;;;;;;;;;;;;;;;;;;;;;;;;;;;;;;;;;;;;;;;;;;;;;;;;;;;;;;;;;;;;;;;;;;;;;;;;;;;;;;;;;;;;;;;;;;;;;;;;;;;;;;;;;;;;;;;;;;;;;;;;;;;;;;;;;;;;;;;;;;;;;;;;;;;;;;;;;;;;;;;;;;;;;;;;;;;;;;;;;;;;;;;;;;;;;;;;;;;;;;;;;;;;;;;;;;;;;;;;;;;;;;;;;;;;;;;;;;;;;;;;;;;;;;;;;;;;;;;;;;;;;;;;;;;;;;;;;;;;;;;;;;;;;;;;;;;;;;
129;0;17;18;26;33;2;5;28;33;9;11;30;15;10;29;9;14;22;19;3;1;30;26;29;19;28;12;16;27;5;11;5;16;34;5;14;14;31;7;18;9;1;26;3;10;17;17;4;34;26;33;4;25;10;19;32;10;25;6;11;33;15;18;10;4;15;22;16;27;13;21;27;32;15;2;25;18;30;16;13;3;16;22;27;29;8;21;28;9;12;29;20;18;23;18;34;26;2;6;19;28;3;24;26;27;30;7;19;28;13;7;17;3;8;30;23;30;29;30;11;17;21;10;32;1;29;22;9;25;;;;;;;;;;;;;;;;;;;;;;;;;;;;;;;;;;;;;;;;;;;;;;;;;;;;;;;;;;;;;;;;;;;;;;;;;;;;;;;;;;;;;;;;;;;;;;;;;;;;;;;;;;;;;;;;;;;;;;;;;;;;;;;;;;;;;;;;;;;;;;;;;;;;;;;;;;;;;;;;;;;;;;;;;;;;;;;;;;;;;;;;;;;;;;;;;;;;;;;;;;;;;;;;;;;;;;;;;;;;;;;;;;;;;;;;;;;;;;;;;;;;;;;;;;;;;;;;;;;;;;;;;;;;;;;;;;;;;;;;;;;;;;;;;;;;;;;;;;;;;;;;;;;;;;;;;;;;;;;;;;;;;;;;;;;;;;;;;;;;;;;;;;;;;;;;;;;;;;;;;;;;;;;;;;;;;;;;;;;;;;;;;;;;;;;;;;;;;;;;;;;;;;;;;;;;;;;;;;;;;;;;;;;;;;;;;;;;;;;;;;;;;;;;;;;;;;;;;;;;;;;;;;;;;;;;;;;;;;;;;;;;;;;;;;;;;;;;;;;;;;;;;;;;;;;;;;;;;;;;;;;;;;;;;;;;;;;;;;;;;;;;;;;;;;;;;;;;;;;;;;;;;;;;;;;;;;;;;;;;;;;;;;;;;;;;;;;;;;;;;;;;;;;;;;;;;;;;;;;;;;;;;;;;;;;;;;;;;;;;;;;;;;;;;;;;;;;;;;;;;;;;;;;;;;;;;;;;;;;;;;;;;;;;;;;;;;;;;;;;;;;;;;;;;;;;;;;;;;;;;;;;;;;;;;;;;;;;;;;;;;;;;;;;;;;;;;;;;;;;;;;;;;;;;;;;;;;;;;;;;;;;;;;;;;;;;;;;;;;;;;;;;;;;;;;;;;;;;;;;;;;;;;;;;;;;;;;;;;;;;;;;;;;;;;;;;;;;;;;;;;;;;;;;;;;;
134;0;17;18;26;33;2;5;28;33;9;11;30;15;10;29;9;14;22;19;3;1;30;26;29;19;28;12;16;27;5;11;5;16;34;5;14;14;31;7;18;9;1;26;3;10;17;17;4;34;26;33;4;25;10;19;32;10;25;6;11;33;15;18;10;4;15;22;16;27;13;21;27;32;15;2;25;18;30;16;13;3;16;22;27;29;8;21;28;9;12;29;20;18;23;18;34;26;2;6;19;28;3;24;26;27;30;7;19;28;13;7;17;3;8;30;23;30;29;30;11;17;21;10;32;1;29;22;9;25;15;29;34;10;16;;;;;;;;;;;;;;;;;;;;;;;;;;;;;;;;;;;;;;;;;;;;;;;;;;;;;;;;;;;;;;;;;;;;;;;;;;;;;;;;;;;;;;;;;;;;;;;;;;;;;;;;;;;;;;;;;;;;;;;;;;;;;;;;;;;;;;;;;;;;;;;;;;;;;;;;;;;;;;;;;;;;;;;;;;;;;;;;;;;;;;;;;;;;;;;;;;;;;;;;;;;;;;;;;;;;;;;;;;;;;;;;;;;;;;;;;;;;;;;;;;;;;;;;;;;;;;;;;;;;;;;;;;;;;;;;;;;;;;;;;;;;;;;;;;;;;;;;;;;;;;;;;;;;;;;;;;;;;;;;;;;;;;;;;;;;;;;;;;;;;;;;;;;;;;;;;;;;;;;;;;;;;;;;;;;;;;;;;;;;;;;;;;;;;;;;;;;;;;;;;;;;;;;;;;;;;;;;;;;;;;;;;;;;;;;;;;;;;;;;;;;;;;;;;;;;;;;;;;;;;;;;;;;;;;;;;;;;;;;;;;;;;;;;;;;;;;;;;;;;;;;;;;;;;;;;;;;;;;;;;;;;;;;;;;;;;;;;;;;;;;;;;;;;;;;;;;;;;;;;;;;;;;;;;;;;;;;;;;;;;;;;;;;;;;;;;;;;;;;;;;;;;;;;;;;;;;;;;;;;;;;;;;;;;;;;;;;;;;;;;;;;;;;;;;;;;;;;;;;;;;;;;;;;;;;;;;;;;;;;;;;;;;;;;;;;;;;;;;;;;;;;;;;;;;;;;;;;;;;;;;;;;;;;;;;;;;;;;;;;;;;;;;;;;;;;;;;;;;;;;;;;;;;;;;;;;;;;;;;;;;;;;;;;;;;;;;;;;;;;;;;;;;;;;;;;;;;;;;;;;;;;;;;;;;;;;;;;;;;;;;;;;;;;;;;;;;;;;;;;;;;;;;;
139;0;17;18;26;33;2;5;28;33;9;11;30;15;10;29;9;14;22;19;3;1;30;26;29;19;28;12;16;27;5;11;5;16;34;5;14;14;31;7;18;9;1;26;3;10;17;17;4;34;26;33;4;25;10;19;32;10;25;6;11;33;15;18;10;4;15;22;16;27;13;21;27;32;15;2;25;18;30;16;13;3;16;22;27;29;8;21;28;9;12;29;20;18;23;18;34;26;2;6;19;28;3;24;26;27;30;7;19;28;13;7;17;3;8;30;23;30;29;30;11;17;21;10;32;1;29;22;9;25;15;29;34;10;16;8;24;22;29;28;;;;;;;;;;;;;;;;;;;;;;;;;;;;;;;;;;;;;;;;;;;;;;;;;;;;;;;;;;;;;;;;;;;;;;;;;;;;;;;;;;;;;;;;;;;;;;;;;;;;;;;;;;;;;;;;;;;;;;;;;;;;;;;;;;;;;;;;;;;;;;;;;;;;;;;;;;;;;;;;;;;;;;;;;;;;;;;;;;;;;;;;;;;;;;;;;;;;;;;;;;;;;;;;;;;;;;;;;;;;;;;;;;;;;;;;;;;;;;;;;;;;;;;;;;;;;;;;;;;;;;;;;;;;;;;;;;;;;;;;;;;;;;;;;;;;;;;;;;;;;;;;;;;;;;;;;;;;;;;;;;;;;;;;;;;;;;;;;;;;;;;;;;;;;;;;;;;;;;;;;;;;;;;;;;;;;;;;;;;;;;;;;;;;;;;;;;;;;;;;;;;;;;;;;;;;;;;;;;;;;;;;;;;;;;;;;;;;;;;;;;;;;;;;;;;;;;;;;;;;;;;;;;;;;;;;;;;;;;;;;;;;;;;;;;;;;;;;;;;;;;;;;;;;;;;;;;;;;;;;;;;;;;;;;;;;;;;;;;;;;;;;;;;;;;;;;;;;;;;;;;;;;;;;;;;;;;;;;;;;;;;;;;;;;;;;;;;;;;;;;;;;;;;;;;;;;;;;;;;;;;;;;;;;;;;;;;;;;;;;;;;;;;;;;;;;;;;;;;;;;;;;;;;;;;;;;;;;;;;;;;;;;;;;;;;;;;;;;;;;;;;;;;;;;;;;;;;;;;;;;;;;;;;;;;;;;;;;;;;;;;;;;;;;;;;;;;;;;;;;;;;;;;;;;;;;;;;;;;;;;;;;;;;;;;;;;;;;;;;;;;;;;;;;;;;;;;;;;;;;;;;;;;;;;;;;;;;;;;;;;;;;;;;;;;;;;;;;;;;;;;
143;0;17;18;26;33;2;5;28;33;9;11;30;15;10;29;9;14;22;19;3;1;30;26;29;19;28;12;16;27;5;11;5;16;34;5;14;14;31;7;18;9;1;26;3;10;17;17;4;34;26;33;4;25;10;19;32;10;25;6;11;33;15;18;10;4;15;22;16;27;13;21;27;32;15;2;25;18;30;16;13;3;16;22;27;29;8;21;28;9;12;29;20;18;23;18;34;26;2;6;19;28;3;24;26;27;30;7;19;28;13;7;17;3;8;30;23;30;29;30;11;17;21;10;32;1;29;22;9;25;15;29;34;10;16;8;24;22;29;28;34;33;31;6;;;;;;;;;;;;;;;;;;;;;;;;;;;;;;;;;;;;;;;;;;;;;;;;;;;;;;;;;;;;;;;;;;;;;;;;;;;;;;;;;;;;;;;;;;;;;;;;;;;;;;;;;;;;;;;;;;;;;;;;;;;;;;;;;;;;;;;;;;;;;;;;;;;;;;;;;;;;;;;;;;;;;;;;;;;;;;;;;;;;;;;;;;;;;;;;;;;;;;;;;;;;;;;;;;;;;;;;;;;;;;;;;;;;;;;;;;;;;;;;;;;;;;;;;;;;;;;;;;;;;;;;;;;;;;;;;;;;;;;;;;;;;;;;;;;;;;;;;;;;;;;;;;;;;;;;;;;;;;;;;;;;;;;;;;;;;;;;;;;;;;;;;;;;;;;;;;;;;;;;;;;;;;;;;;;;;;;;;;;;;;;;;;;;;;;;;;;;;;;;;;;;;;;;;;;;;;;;;;;;;;;;;;;;;;;;;;;;;;;;;;;;;;;;;;;;;;;;;;;;;;;;;;;;;;;;;;;;;;;;;;;;;;;;;;;;;;;;;;;;;;;;;;;;;;;;;;;;;;;;;;;;;;;;;;;;;;;;;;;;;;;;;;;;;;;;;;;;;;;;;;;;;;;;;;;;;;;;;;;;;;;;;;;;;;;;;;;;;;;;;;;;;;;;;;;;;;;;;;;;;;;;;;;;;;;;;;;;;;;;;;;;;;;;;;;;;;;;;;;;;;;;;;;;;;;;;;;;;;;;;;;;;;;;;;;;;;;;;;;;;;;;;;;;;;;;;;;;;;;;;;;;;;;;;;;;;;;;;;;;;;;;;;;;;;;;;;;;;;;;;;;;;;;;;;;;;;;;;;;;;;;;;;;;;;;;;;;;;;;;;;;;;;;;;;;;;;;;;;;;;;;;;;;;;;;;;;;;;;;;;;;;;;;;;;;;;;;;;;
148;0;17;18;26;33;2;5;28;33;9;11;30;15;10;29;9;14;22;19;3;1;30;26;29;19;28;12;16;27;5;11;5;16;34;5;14;14;31;7;18;9;1;26;3;10;17;17;4;34;26;33;4;25;10;19;32;10;25;6;11;33;15;18;10;4;15;22;16;27;13;21;27;32;15;2;25;18;30;16;13;3;16;22;27;29;8;21;28;9;12;29;20;18;23;18;34;26;2;6;19;28;3;24;26;27;30;7;19;28;13;7;17;3;8;30;23;30;29;30;11;17;21;10;32;1;29;22;9;25;15;29;34;10;16;8;24;22;29;28;34;33;31;6;2;17;12;31;28;;;;;;;;;;;;;;;;;;;;;;;;;;;;;;;;;;;;;;;;;;;;;;;;;;;;;;;;;;;;;;;;;;;;;;;;;;;;;;;;;;;;;;;;;;;;;;;;;;;;;;;;;;;;;;;;;;;;;;;;;;;;;;;;;;;;;;;;;;;;;;;;;;;;;;;;;;;;;;;;;;;;;;;;;;;;;;;;;;;;;;;;;;;;;;;;;;;;;;;;;;;;;;;;;;;;;;;;;;;;;;;;;;;;;;;;;;;;;;;;;;;;;;;;;;;;;;;;;;;;;;;;;;;;;;;;;;;;;;;;;;;;;;;;;;;;;;;;;;;;;;;;;;;;;;;;;;;;;;;;;;;;;;;;;;;;;;;;;;;;;;;;;;;;;;;;;;;;;;;;;;;;;;;;;;;;;;;;;;;;;;;;;;;;;;;;;;;;;;;;;;;;;;;;;;;;;;;;;;;;;;;;;;;;;;;;;;;;;;;;;;;;;;;;;;;;;;;;;;;;;;;;;;;;;;;;;;;;;;;;;;;;;;;;;;;;;;;;;;;;;;;;;;;;;;;;;;;;;;;;;;;;;;;;;;;;;;;;;;;;;;;;;;;;;;;;;;;;;;;;;;;;;;;;;;;;;;;;;;;;;;;;;;;;;;;;;;;;;;;;;;;;;;;;;;;;;;;;;;;;;;;;;;;;;;;;;;;;;;;;;;;;;;;;;;;;;;;;;;;;;;;;;;;;;;;;;;;;;;;;;;;;;;;;;;;;;;;;;;;;;;;;;;;;;;;;;;;;;;;;;;;;;;;;;;;;;;;;;;;;;;;;;;;;;;;;;;;;;;;;;;;;;;;;;;;;;;;;;;;;;;;;;;;;;;;;;;;;;;;;;;;;;;;;;;;;;;;;;;;;;;;;;;;;;;;;;;;;;;;;;;;;;;;;;;;;;
153;0;17;18;26;33;2;5;28;33;9;11;30;15;10;29;9;14;22;19;3;1;30;26;29;19;28;12;16;27;5;11;5;16;34;5;14;14;31;7;18;9;1;26;3;10;17;17;4;34;26;33;4;25;10;19;32;10;25;6;11;33;15;18;10;4;15;22;16;27;13;21;27;32;15;2;25;18;30;16;13;3;16;22;27;29;8;21;28;9;12;29;20;18;23;18;34;26;2;6;19;28;3;24;26;27;30;7;19;28;13;7;17;3;8;30;23;30;29;30;11;17;21;10;32;1;29;22;9;25;15;29;34;10;16;8;24;22;29;28;34;33;31;6;2;17;12;31;28;15;20;21;31;1;;;;;;;;;;;;;;;;;;;;;;;;;;;;;;;;;;;;;;;;;;;;;;;;;;;;;;;;;;;;;;;;;;;;;;;;;;;;;;;;;;;;;;;;;;;;;;;;;;;;;;;;;;;;;;;;;;;;;;;;;;;;;;;;;;;;;;;;;;;;;;;;;;;;;;;;;;;;;;;;;;;;;;;;;;;;;;;;;;;;;;;;;;;;;;;;;;;;;;;;;;;;;;;;;;;;;;;;;;;;;;;;;;;;;;;;;;;;;;;;;;;;;;;;;;;;;;;;;;;;;;;;;;;;;;;;;;;;;;;;;;;;;;;;;;;;;;;;;;;;;;;;;;;;;;;;;;;;;;;;;;;;;;;;;;;;;;;;;;;;;;;;;;;;;;;;;;;;;;;;;;;;;;;;;;;;;;;;;;;;;;;;;;;;;;;;;;;;;;;;;;;;;;;;;;;;;;;;;;;;;;;;;;;;;;;;;;;;;;;;;;;;;;;;;;;;;;;;;;;;;;;;;;;;;;;;;;;;;;;;;;;;;;;;;;;;;;;;;;;;;;;;;;;;;;;;;;;;;;;;;;;;;;;;;;;;;;;;;;;;;;;;;;;;;;;;;;;;;;;;;;;;;;;;;;;;;;;;;;;;;;;;;;;;;;;;;;;;;;;;;;;;;;;;;;;;;;;;;;;;;;;;;;;;;;;;;;;;;;;;;;;;;;;;;;;;;;;;;;;;;;;;;;;;;;;;;;;;;;;;;;;;;;;;;;;;;;;;;;;;;;;;;;;;;;;;;;;;;;;;;;;;;;;;;;;;;;;;;;;;;;;;;;;;;;;;;;;;;;;;;;;;;;;;;;;;;;;;;;;;;;;;;;;;;;;;;;;;;;;;;;;;;;;;;;;;;;;;;;;;;;;;;;;;;;;;;;;;;;;;;;;;;;;;
157;0;17;18;26;33;2;5;28;33;9;11;30;15;10;29;9;14;22;19;3;1;30;26;29;19;28;12;16;27;5;11;5;16;34;5;14;14;31;7;18;9;1;26;3;10;17;17;4;34;26;33;4;25;10;19;32;10;25;6;11;33;15;18;10;4;15;22;16;27;13;21;27;32;15;2;25;18;30;16;13;3;16;22;27;29;8;21;28;9;12;29;20;18;23;18;34;26;2;6;19;28;3;24;26;27;30;7;19;28;13;7;17;3;8;30;23;30;29;30;11;17;21;10;32;1;29;22;9;25;15;29;34;10;16;8;24;22;29;28;34;33;31;6;2;17;12;31;28;15;20;21;31;1;17;23;16;32;;;;;;;;;;;;;;;;;;;;;;;;;;;;;;;;;;;;;;;;;;;;;;;;;;;;;;;;;;;;;;;;;;;;;;;;;;;;;;;;;;;;;;;;;;;;;;;;;;;;;;;;;;;;;;;;;;;;;;;;;;;;;;;;;;;;;;;;;;;;;;;;;;;;;;;;;;;;;;;;;;;;;;;;;;;;;;;;;;;;;;;;;;;;;;;;;;;;;;;;;;;;;;;;;;;;;;;;;;;;;;;;;;;;;;;;;;;;;;;;;;;;;;;;;;;;;;;;;;;;;;;;;;;;;;;;;;;;;;;;;;;;;;;;;;;;;;;;;;;;;;;;;;;;;;;;;;;;;;;;;;;;;;;;;;;;;;;;;;;;;;;;;;;;;;;;;;;;;;;;;;;;;;;;;;;;;;;;;;;;;;;;;;;;;;;;;;;;;;;;;;;;;;;;;;;;;;;;;;;;;;;;;;;;;;;;;;;;;;;;;;;;;;;;;;;;;;;;;;;;;;;;;;;;;;;;;;;;;;;;;;;;;;;;;;;;;;;;;;;;;;;;;;;;;;;;;;;;;;;;;;;;;;;;;;;;;;;;;;;;;;;;;;;;;;;;;;;;;;;;;;;;;;;;;;;;;;;;;;;;;;;;;;;;;;;;;;;;;;;;;;;;;;;;;;;;;;;;;;;;;;;;;;;;;;;;;;;;;;;;;;;;;;;;;;;;;;;;;;;;;;;;;;;;;;;;;;;;;;;;;;;;;;;;;;;;;;;;;;;;;;;;;;;;;;;;;;;;;;;;;;;;;;;;;;;;;;;;;;;;;;;;;;;;;;;;;;;;;;;;;;;;;;;;;;;;;;;;;;;;;;;;;;;;;;;;;;;;;;;;;;;;;;;;;;;;;;;;;;;;;;;;;;;;;;;;;;;;;;;;;;;;
162;0;17;18;26;33;2;5;28;33;9;11;30;15;10;29;9;14;22;19;3;1;30;26;29;19;28;12;16;27;5;11;5;16;34;5;14;14;31;7;18;9;1;26;3;10;17;17;4;34;26;33;4;25;10;19;32;10;25;6;11;33;15;18;10;4;15;22;16;27;13;21;27;32;15;2;25;18;30;16;13;3;16;22;27;29;8;21;28;9;12;29;20;18;23;18;34;26;2;6;19;28;3;24;26;27;30;7;19;28;13;7;17;3;8;30;23;30;29;30;11;17;21;10;32;1;29;22;9;25;15;29;34;10;16;8;24;22;29;28;34;33;31;6;2;17;12;31;28;15;20;21;31;1;17;23;16;32;33;29;16;31;3;;;;;;;;;;;;;;;;;;;;;;;;;;;;;;;;;;;;;;;;;;;;;;;;;;;;;;;;;;;;;;;;;;;;;;;;;;;;;;;;;;;;;;;;;;;;;;;;;;;;;;;;;;;;;;;;;;;;;;;;;;;;;;;;;;;;;;;;;;;;;;;;;;;;;;;;;;;;;;;;;;;;;;;;;;;;;;;;;;;;;;;;;;;;;;;;;;;;;;;;;;;;;;;;;;;;;;;;;;;;;;;;;;;;;;;;;;;;;;;;;;;;;;;;;;;;;;;;;;;;;;;;;;;;;;;;;;;;;;;;;;;;;;;;;;;;;;;;;;;;;;;;;;;;;;;;;;;;;;;;;;;;;;;;;;;;;;;;;;;;;;;;;;;;;;;;;;;;;;;;;;;;;;;;;;;;;;;;;;;;;;;;;;;;;;;;;;;;;;;;;;;;;;;;;;;;;;;;;;;;;;;;;;;;;;;;;;;;;;;;;;;;;;;;;;;;;;;;;;;;;;;;;;;;;;;;;;;;;;;;;;;;;;;;;;;;;;;;;;;;;;;;;;;;;;;;;;;;;;;;;;;;;;;;;;;;;;;;;;;;;;;;;;;;;;;;;;;;;;;;;;;;;;;;;;;;;;;;;;;;;;;;;;;;;;;;;;;;;;;;;;;;;;;;;;;;;;;;;;;;;;;;;;;;;;;;;;;;;;;;;;;;;;;;;;;;;;;;;;;;;;;;;;;;;;;;;;;;;;;;;;;;;;;;;;;;;;;;;;;;;;;;;;;;;;;;;;;;;;;;;;;;;;;;;;;;;;;;;;;;;;;;;;;;;;;;;;;;;;;;;;;;;;;;;;;;;;;;;;;;;;;;;;;;;;;;;;;;;;;;;;;;;;;;;;;;;;;;;;;;;;;;;;;;;;;;;;;;;;;
167;0;17;18;26;33;2;5;28;33;9;11;30;15;10;29;9;14;22;19;3;1;30;26;29;19;28;12;16;27;5;11;5;16;34;5;14;14;31;7;18;9;1;26;3;10;17;17;4;34;26;33;4;25;10;19;32;10;25;6;11;33;15;18;10;4;15;22;16;27;13;21;27;32;15;2;25;18;30;16;13;3;16;22;27;29;8;21;28;9;12;29;20;18;23;18;34;26;2;6;19;28;3;24;26;27;30;7;19;28;13;7;17;3;8;30;23;30;29;30;11;17;21;10;32;1;29;22;9;25;15;29;34;10;16;8;24;22;29;28;34;33;31;6;2;17;12;31;28;15;20;21;31;1;17;23;16;32;33;29;16;31;3;23;10;9;24;27;;;;;;;;;;;;;;;;;;;;;;;;;;;;;;;;;;;;;;;;;;;;;;;;;;;;;;;;;;;;;;;;;;;;;;;;;;;;;;;;;;;;;;;;;;;;;;;;;;;;;;;;;;;;;;;;;;;;;;;;;;;;;;;;;;;;;;;;;;;;;;;;;;;;;;;;;;;;;;;;;;;;;;;;;;;;;;;;;;;;;;;;;;;;;;;;;;;;;;;;;;;;;;;;;;;;;;;;;;;;;;;;;;;;;;;;;;;;;;;;;;;;;;;;;;;;;;;;;;;;;;;;;;;;;;;;;;;;;;;;;;;;;;;;;;;;;;;;;;;;;;;;;;;;;;;;;;;;;;;;;;;;;;;;;;;;;;;;;;;;;;;;;;;;;;;;;;;;;;;;;;;;;;;;;;;;;;;;;;;;;;;;;;;;;;;;;;;;;;;;;;;;;;;;;;;;;;;;;;;;;;;;;;;;;;;;;;;;;;;;;;;;;;;;;;;;;;;;;;;;;;;;;;;;;;;;;;;;;;;;;;;;;;;;;;;;;;;;;;;;;;;;;;;;;;;;;;;;;;;;;;;;;;;;;;;;;;;;;;;;;;;;;;;;;;;;;;;;;;;;;;;;;;;;;;;;;;;;;;;;;;;;;;;;;;;;;;;;;;;;;;;;;;;;;;;;;;;;;;;;;;;;;;;;;;;;;;;;;;;;;;;;;;;;;;;;;;;;;;;;;;;;;;;;;;;;;;;;;;;;;;;;;;;;;;;;;;;;;;;;;;;;;;;;;;;;;;;;;;;;;;;;;;;;;;;;;;;;;;;;;;;;;;;;;;;;;;;;;;;;;;;;;;;;;;;;;;;;;;;;;;;;;;;;;;;;;;;;;;;;;;;;;;;;;;;;;;;;;;;;;;;;;;;;;;;;;;
172;0;17;18;26;33;2;5;28;33;9;11;30;15;10;29;9;14;22;19;3;1;30;26;29;19;28;12;16;27;5;11;5;16;34;5;14;14;31;7;18;9;1;26;3;10;17;17;4;34;26;33;4;25;10;19;32;10;25;6;11;33;15;18;10;4;15;22;16;27;13;21;27;32;15;2;25;18;30;16;13;3;16;22;27;29;8;21;28;9;12;29;20;18;23;18;34;26;2;6;19;28;3;24;26;27;30;7;19;28;13;7;17;3;8;30;23;30;29;30;11;17;21;10;32;1;29;22;9;25;15;29;34;10;16;8;24;22;29;28;34;33;31;6;2;17;12;31;28;15;20;21;31;1;17;23;16;32;33;29;16;31;3;23;10;9;24;27;31;8;30;29;11;;;;;;;;;;;;;;;;;;;;;;;;;;;;;;;;;;;;;;;;;;;;;;;;;;;;;;;;;;;;;;;;;;;;;;;;;;;;;;;;;;;;;;;;;;;;;;;;;;;;;;;;;;;;;;;;;;;;;;;;;;;;;;;;;;;;;;;;;;;;;;;;;;;;;;;;;;;;;;;;;;;;;;;;;;;;;;;;;;;;;;;;;;;;;;;;;;;;;;;;;;;;;;;;;;;;;;;;;;;;;;;;;;;;;;;;;;;;;;;;;;;;;;;;;;;;;;;;;;;;;;;;;;;;;;;;;;;;;;;;;;;;;;;;;;;;;;;;;;;;;;;;;;;;;;;;;;;;;;;;;;;;;;;;;;;;;;;;;;;;;;;;;;;;;;;;;;;;;;;;;;;;;;;;;;;;;;;;;;;;;;;;;;;;;;;;;;;;;;;;;;;;;;;;;;;;;;;;;;;;;;;;;;;;;;;;;;;;;;;;;;;;;;;;;;;;;;;;;;;;;;;;;;;;;;;;;;;;;;;;;;;;;;;;;;;;;;;;;;;;;;;;;;;;;;;;;;;;;;;;;;;;;;;;;;;;;;;;;;;;;;;;;;;;;;;;;;;;;;;;;;;;;;;;;;;;;;;;;;;;;;;;;;;;;;;;;;;;;;;;;;;;;;;;;;;;;;;;;;;;;;;;;;;;;;;;;;;;;;;;;;;;;;;;;;;;;;;;;;;;;;;;;;;;;;;;;;;;;;;;;;;;;;;;;;;;;;;;;;;;;;;;;;;;;;;;;;;;;;;;;;;;;;;;;;;;;;;;;;;;;;;;;;;;;;;;;;;;;;;;;;;;;;;;;;;;;;;;;;;;;;;;;;;;;;;;;;;;;;;;;;;;;;;;;;;;;;;;;;;;;;;;;;;;;
176;0;17;18;26;33;2;5;28;33;9;11;30;15;10;29;9;14;22;19;3;1;30;26;29;19;28;12;16;27;5;11;5;16;34;5;14;14;31;7;18;9;1;26;3;10;17;17;4;34;26;33;4;25;10;19;32;10;25;6;11;33;15;18;10;4;15;22;16;27;13;21;27;32;15;2;25;18;30;16;13;3;16;22;27;29;8;21;28;9;12;29;20;18;23;18;34;26;2;6;19;28;3;24;26;27;30;7;19;28;13;7;17;3;8;30;23;30;29;30;11;17;21;10;32;1;29;22;9;25;15;29;34;10;16;8;24;22;29;28;34;33;31;6;2;17;12;31;28;15;20;21;31;1;17;23;16;32;33;29;16;31;3;23;10;9;24;27;31;8;30;29;11;3;27;29;16;;;;;;;;;;;;;;;;;;;;;;;;;;;;;;;;;;;;;;;;;;;;;;;;;;;;;;;;;;;;;;;;;;;;;;;;;;;;;;;;;;;;;;;;;;;;;;;;;;;;;;;;;;;;;;;;;;;;;;;;;;;;;;;;;;;;;;;;;;;;;;;;;;;;;;;;;;;;;;;;;;;;;;;;;;;;;;;;;;;;;;;;;;;;;;;;;;;;;;;;;;;;;;;;;;;;;;;;;;;;;;;;;;;;;;;;;;;;;;;;;;;;;;;;;;;;;;;;;;;;;;;;;;;;;;;;;;;;;;;;;;;;;;;;;;;;;;;;;;;;;;;;;;;;;;;;;;;;;;;;;;;;;;;;;;;;;;;;;;;;;;;;;;;;;;;;;;;;;;;;;;;;;;;;;;;;;;;;;;;;;;;;;;;;;;;;;;;;;;;;;;;;;;;;;;;;;;;;;;;;;;;;;;;;;;;;;;;;;;;;;;;;;;;;;;;;;;;;;;;;;;;;;;;;;;;;;;;;;;;;;;;;;;;;;;;;;;;;;;;;;;;;;;;;;;;;;;;;;;;;;;;;;;;;;;;;;;;;;;;;;;;;;;;;;;;;;;;;;;;;;;;;;;;;;;;;;;;;;;;;;;;;;;;;;;;;;;;;;;;;;;;;;;;;;;;;;;;;;;;;;;;;;;;;;;;;;;;;;;;;;;;;;;;;;;;;;;;;;;;;;;;;;;;;;;;;;;;;;;;;;;;;;;;;;;;;;;;;;;;;;;;;;;;;;;;;;;;;;;;;;;;;;;;;;;;;;;;;;;;;;;;;;;;;;;;;;;;;;;;;;;;;;;;;;;;;;;;;;;;;;;;;;;;;;;;;;;;;;;;;;;;;;;;;;;;;;;;;;;;;;;;;;
181;0;17;18;26;33;2;5;28;33;9;11;30;15;10;29;9;14;22;19;3;1;30;26;29;19;28;12;16;27;5;11;5;16;34;5;14;14;31;7;18;9;1;26;3;10;17;17;4;34;26;33;4;25;10;19;32;10;25;6;11;33;15;18;10;4;15;22;16;27;13;21;27;32;15;2;25;18;30;16;13;3;16;22;27;29;8;21;28;9;12;29;20;18;23;18;34;26;2;6;19;28;3;24;26;27;30;7;19;28;13;7;17;3;8;30;23;30;29;30;11;17;21;10;32;1;29;22;9;25;15;29;34;10;16;8;24;22;29;28;34;33;31;6;2;17;12;31;28;15;20;21;31;1;17;23;16;32;33;29;16;31;3;23;10;9;24;27;31;8;30;29;11;3;27;29;16;6;5;13;26;11;;;;;;;;;;;;;;;;;;;;;;;;;;;;;;;;;;;;;;;;;;;;;;;;;;;;;;;;;;;;;;;;;;;;;;;;;;;;;;;;;;;;;;;;;;;;;;;;;;;;;;;;;;;;;;;;;;;;;;;;;;;;;;;;;;;;;;;;;;;;;;;;;;;;;;;;;;;;;;;;;;;;;;;;;;;;;;;;;;;;;;;;;;;;;;;;;;;;;;;;;;;;;;;;;;;;;;;;;;;;;;;;;;;;;;;;;;;;;;;;;;;;;;;;;;;;;;;;;;;;;;;;;;;;;;;;;;;;;;;;;;;;;;;;;;;;;;;;;;;;;;;;;;;;;;;;;;;;;;;;;;;;;;;;;;;;;;;;;;;;;;;;;;;;;;;;;;;;;;;;;;;;;;;;;;;;;;;;;;;;;;;;;;;;;;;;;;;;;;;;;;;;;;;;;;;;;;;;;;;;;;;;;;;;;;;;;;;;;;;;;;;;;;;;;;;;;;;;;;;;;;;;;;;;;;;;;;;;;;;;;;;;;;;;;;;;;;;;;;;;;;;;;;;;;;;;;;;;;;;;;;;;;;;;;;;;;;;;;;;;;;;;;;;;;;;;;;;;;;;;;;;;;;;;;;;;;;;;;;;;;;;;;;;;;;;;;;;;;;;;;;;;;;;;;;;;;;;;;;;;;;;;;;;;;;;;;;;;;;;;;;;;;;;;;;;;;;;;;;;;;;;;;;;;;;;;;;;;;;;;;;;;;;;;;;;;;;;;;;;;;;;;;;;;;;;;;;;;;;;;;;;;;;;;;;;;;;;;;;;;;;;;;;;;;;;;;;;;;;;;;;;;;;;;;;;;;;;;;;;;;;;;;;;;;;;;;;;;;;;;;;;;;;;;;;;;;;;;;;;;
186;0;17;18;26;33;2;5;28;33;9;11;30;15;10;29;9;14;22;19;3;1;30;26;29;19;28;12;16;27;5;11;5;16;34;5;14;14;31;7;18;9;1;26;3;10;17;17;4;34;26;33;4;25;10;19;32;10;25;6;11;33;15;18;10;4;15;22;16;27;13;21;27;32;15;2;25;18;30;16;13;3;16;22;27;29;8;21;28;9;12;29;20;18;23;18;34;26;2;6;19;28;3;24;26;27;30;7;19;28;13;7;17;3;8;30;23;30;29;30;11;17;21;10;32;1;29;22;9;25;15;29;34;10;16;8;24;22;29;28;34;33;31;6;2;17;12;31;28;15;20;21;31;1;17;23;16;32;33;29;16;31;3;23;10;9;24;27;31;8;30;29;11;3;27;29;16;6;5;13;26;11;2;24;26;7;20;;;;;;;;;;;;;;;;;;;;;;;;;;;;;;;;;;;;;;;;;;;;;;;;;;;;;;;;;;;;;;;;;;;;;;;;;;;;;;;;;;;;;;;;;;;;;;;;;;;;;;;;;;;;;;;;;;;;;;;;;;;;;;;;;;;;;;;;;;;;;;;;;;;;;;;;;;;;;;;;;;;;;;;;;;;;;;;;;;;;;;;;;;;;;;;;;;;;;;;;;;;;;;;;;;;;;;;;;;;;;;;;;;;;;;;;;;;;;;;;;;;;;;;;;;;;;;;;;;;;;;;;;;;;;;;;;;;;;;;;;;;;;;;;;;;;;;;;;;;;;;;;;;;;;;;;;;;;;;;;;;;;;;;;;;;;;;;;;;;;;;;;;;;;;;;;;;;;;;;;;;;;;;;;;;;;;;;;;;;;;;;;;;;;;;;;;;;;;;;;;;;;;;;;;;;;;;;;;;;;;;;;;;;;;;;;;;;;;;;;;;;;;;;;;;;;;;;;;;;;;;;;;;;;;;;;;;;;;;;;;;;;;;;;;;;;;;;;;;;;;;;;;;;;;;;;;;;;;;;;;;;;;;;;;;;;;;;;;;;;;;;;;;;;;;;;;;;;;;;;;;;;;;;;;;;;;;;;;;;;;;;;;;;;;;;;;;;;;;;;;;;;;;;;;;;;;;;;;;;;;;;;;;;;;;;;;;;;;;;;;;;;;;;;;;;;;;;;;;;;;;;;;;;;;;;;;;;;;;;;;;;;;;;;;;;;;;;;;;;;;;;;;;;;;;;;;;;;;;;;;;;;;;;;;;;;;;;;;;;;;;;;;;;;;;;;;;;;;;;;;;;;;;;;;;;;;;;;;;;;;;;;;;;;;;;;;;;;;;;;;;;;;;;;;;;;;;;
190;0;17;18;26;33;2;5;28;33;9;11;30;15;10;29;9;14;22;19;3;1;30;26;29;19;28;12;16;27;5;11;5;16;34;5;14;14;31;7;18;9;1;26;3;10;17;17;4;34;26;33;4;25;10;19;32;10;25;6;11;33;15;18;10;4;15;22;16;27;13;21;27;32;15;2;25;18;30;16;13;3;16;22;27;29;8;21;28;9;12;29;20;18;23;18;34;26;2;6;19;28;3;24;26;27;30;7;19;28;13;7;17;3;8;30;23;30;29;30;11;17;21;10;32;1;29;22;9;25;15;29;34;10;16;8;24;22;29;28;34;33;31;6;2;17;12;31;28;15;20;21;31;1;17;23;16;32;33;29;16;31;3;23;10;9;24;27;31;8;30;29;11;3;27;29;16;6;5;13;26;11;2;24;26;7;20;14;18;1;22;;;;;;;;;;;;;;;;;;;;;;;;;;;;;;;;;;;;;;;;;;;;;;;;;;;;;;;;;;;;;;;;;;;;;;;;;;;;;;;;;;;;;;;;;;;;;;;;;;;;;;;;;;;;;;;;;;;;;;;;;;;;;;;;;;;;;;;;;;;;;;;;;;;;;;;;;;;;;;;;;;;;;;;;;;;;;;;;;;;;;;;;;;;;;;;;;;;;;;;;;;;;;;;;;;;;;;;;;;;;;;;;;;;;;;;;;;;;;;;;;;;;;;;;;;;;;;;;;;;;;;;;;;;;;;;;;;;;;;;;;;;;;;;;;;;;;;;;;;;;;;;;;;;;;;;;;;;;;;;;;;;;;;;;;;;;;;;;;;;;;;;;;;;;;;;;;;;;;;;;;;;;;;;;;;;;;;;;;;;;;;;;;;;;;;;;;;;;;;;;;;;;;;;;;;;;;;;;;;;;;;;;;;;;;;;;;;;;;;;;;;;;;;;;;;;;;;;;;;;;;;;;;;;;;;;;;;;;;;;;;;;;;;;;;;;;;;;;;;;;;;;;;;;;;;;;;;;;;;;;;;;;;;;;;;;;;;;;;;;;;;;;;;;;;;;;;;;;;;;;;;;;;;;;;;;;;;;;;;;;;;;;;;;;;;;;;;;;;;;;;;;;;;;;;;;;;;;;;;;;;;;;;;;;;;;;;;;;;;;;;;;;;;;;;;;;;;;;;;;;;;;;;;;;;;;;;;;;;;;;;;;;;;;;;;;;;;;;;;;;;;;;;;;;;;;;;;;;;;;;;;;;;;;;;;;;;;;;;;;;;;;;;;;;;;;;;;;;;;;;;;;;;;;;;;;;;;;;;;;;;;;;;;;;;;;;;;;;;;;;;;;;;;;;;;;
195;0;17;18;26;33;2;5;28;33;9;11;30;15;10;29;9;14;22;19;3;1;30;26;29;19;28;12;16;27;5;11;5;16;34;5;14;14;31;7;18;9;1;26;3;10;17;17;4;34;26;33;4;25;10;19;32;10;25;6;11;33;15;18;10;4;15;22;16;27;13;21;27;32;15;2;25;18;30;16;13;3;16;22;27;29;8;21;28;9;12;29;20;18;23;18;34;26;2;6;19;28;3;24;26;27;30;7;19;28;13;7;17;3;8;30;23;30;29;30;11;17;21;10;32;1;29;22;9;25;15;29;34;10;16;8;24;22;29;28;34;33;31;6;2;17;12;31;28;15;20;21;31;1;17;23;16;32;33;29;16;31;3;23;10;9;24;27;31;8;30;29;11;3;27;29;16;6;5;13;26;11;2;24;26;7;20;14;18;1;22;9;19;15;21;4;;;;;;;;;;;;;;;;;;;;;;;;;;;;;;;;;;;;;;;;;;;;;;;;;;;;;;;;;;;;;;;;;;;;;;;;;;;;;;;;;;;;;;;;;;;;;;;;;;;;;;;;;;;;;;;;;;;;;;;;;;;;;;;;;;;;;;;;;;;;;;;;;;;;;;;;;;;;;;;;;;;;;;;;;;;;;;;;;;;;;;;;;;;;;;;;;;;;;;;;;;;;;;;;;;;;;;;;;;;;;;;;;;;;;;;;;;;;;;;;;;;;;;;;;;;;;;;;;;;;;;;;;;;;;;;;;;;;;;;;;;;;;;;;;;;;;;;;;;;;;;;;;;;;;;;;;;;;;;;;;;;;;;;;;;;;;;;;;;;;;;;;;;;;;;;;;;;;;;;;;;;;;;;;;;;;;;;;;;;;;;;;;;;;;;;;;;;;;;;;;;;;;;;;;;;;;;;;;;;;;;;;;;;;;;;;;;;;;;;;;;;;;;;;;;;;;;;;;;;;;;;;;;;;;;;;;;;;;;;;;;;;;;;;;;;;;;;;;;;;;;;;;;;;;;;;;;;;;;;;;;;;;;;;;;;;;;;;;;;;;;;;;;;;;;;;;;;;;;;;;;;;;;;;;;;;;;;;;;;;;;;;;;;;;;;;;;;;;;;;;;;;;;;;;;;;;;;;;;;;;;;;;;;;;;;;;;;;;;;;;;;;;;;;;;;;;;;;;;;;;;;;;;;;;;;;;;;;;;;;;;;;;;;;;;;;;;;;;;;;;;;;;;;;;;;;;;;;;;;;;;;;;;;;;;;;;;;;;;;;;;;;;;;;;;;;;;;;;;;;;;;;;;;;;;;;;;;;;;;;;;;;;;;;;;;;;;;;;;;;;;;;;;
200;0;17;18;26;33;2;5;28;33;9;11;30;15;10;29;9;14;22;19;3;1;30;26;29;19;28;12;16;27;5;11;5;16;34;5;14;14;31;7;18;9;1;26;3;10;17;17;4;34;26;33;4;25;10;19;32;10;25;6;11;33;15;18;10;4;15;22;16;27;13;21;27;32;15;2;25;18;30;16;13;3;16;22;27;29;8;21;28;9;12;29;20;18;23;18;34;26;2;6;19;28;3;24;26;27;30;7;19;28;13;7;17;3;8;30;23;30;29;30;11;17;21;10;32;1;29;22;9;25;15;29;34;10;16;8;24;22;29;28;34;33;31;6;2;17;12;31;28;15;20;21;31;1;17;23;16;32;33;29;16;31;3;23;10;9;24;27;31;8;30;29;11;3;27;29;16;6;5;13;26;11;2;24;26;7;20;14;18;1;22;9;19;15;21;4;13;22;27;13;1;;;;;;;;;;;;;;;;;;;;;;;;;;;;;;;;;;;;;;;;;;;;;;;;;;;;;;;;;;;;;;;;;;;;;;;;;;;;;;;;;;;;;;;;;;;;;;;;;;;;;;;;;;;;;;;;;;;;;;;;;;;;;;;;;;;;;;;;;;;;;;;;;;;;;;;;;;;;;;;;;;;;;;;;;;;;;;;;;;;;;;;;;;;;;;;;;;;;;;;;;;;;;;;;;;;;;;;;;;;;;;;;;;;;;;;;;;;;;;;;;;;;;;;;;;;;;;;;;;;;;;;;;;;;;;;;;;;;;;;;;;;;;;;;;;;;;;;;;;;;;;;;;;;;;;;;;;;;;;;;;;;;;;;;;;;;;;;;;;;;;;;;;;;;;;;;;;;;;;;;;;;;;;;;;;;;;;;;;;;;;;;;;;;;;;;;;;;;;;;;;;;;;;;;;;;;;;;;;;;;;;;;;;;;;;;;;;;;;;;;;;;;;;;;;;;;;;;;;;;;;;;;;;;;;;;;;;;;;;;;;;;;;;;;;;;;;;;;;;;;;;;;;;;;;;;;;;;;;;;;;;;;;;;;;;;;;;;;;;;;;;;;;;;;;;;;;;;;;;;;;;;;;;;;;;;;;;;;;;;;;;;;;;;;;;;;;;;;;;;;;;;;;;;;;;;;;;;;;;;;;;;;;;;;;;;;;;;;;;;;;;;;;;;;;;;;;;;;;;;;;;;;;;;;;;;;;;;;;;;;;;;;;;;;;;;;;;;;;;;;;;;;;;;;;;;;;;;;;;;;;;;;;;;;;;;;;;;;;;;;;;;;;;;;;;;;;;;;;;;;;;;;;;;;;;;;;;;;;;;;;;;;;;;;;;;;;;;;;;;;;
204;0;17;18;26;33;2;5;28;33;9;11;30;15;10;29;9;14;22;19;3;1;30;26;29;19;28;12;16;27;5;11;5;16;34;5;14;14;31;7;18;9;1;26;3;10;17;17;4;34;26;33;4;25;10;19;32;10;25;6;11;33;15;18;10;4;15;22;16;27;13;21;27;32;15;2;25;18;30;16;13;3;16;22;27;29;8;21;28;9;12;29;20;18;23;18;34;26;2;6;19;28;3;24;26;27;30;7;19;28;13;7;17;3;8;30;23;30;29;30;11;17;21;10;32;1;29;22;9;25;15;29;34;10;16;8;24;22;29;28;34;33;31;6;2;17;12;31;28;15;20;21;31;1;17;23;16;32;33;29;16;31;3;23;10;9;24;27;31;8;30;29;11;3;27;29;16;6;5;13;26;11;2;24;26;7;20;14;18;1;22;9;19;15;21;4;13;22;27;13;1;25;18;23;6;;;;;;;;;;;;;;;;;;;;;;;;;;;;;;;;;;;;;;;;;;;;;;;;;;;;;;;;;;;;;;;;;;;;;;;;;;;;;;;;;;;;;;;;;;;;;;;;;;;;;;;;;;;;;;;;;;;;;;;;;;;;;;;;;;;;;;;;;;;;;;;;;;;;;;;;;;;;;;;;;;;;;;;;;;;;;;;;;;;;;;;;;;;;;;;;;;;;;;;;;;;;;;;;;;;;;;;;;;;;;;;;;;;;;;;;;;;;;;;;;;;;;;;;;;;;;;;;;;;;;;;;;;;;;;;;;;;;;;;;;;;;;;;;;;;;;;;;;;;;;;;;;;;;;;;;;;;;;;;;;;;;;;;;;;;;;;;;;;;;;;;;;;;;;;;;;;;;;;;;;;;;;;;;;;;;;;;;;;;;;;;;;;;;;;;;;;;;;;;;;;;;;;;;;;;;;;;;;;;;;;;;;;;;;;;;;;;;;;;;;;;;;;;;;;;;;;;;;;;;;;;;;;;;;;;;;;;;;;;;;;;;;;;;;;;;;;;;;;;;;;;;;;;;;;;;;;;;;;;;;;;;;;;;;;;;;;;;;;;;;;;;;;;;;;;;;;;;;;;;;;;;;;;;;;;;;;;;;;;;;;;;;;;;;;;;;;;;;;;;;;;;;;;;;;;;;;;;;;;;;;;;;;;;;;;;;;;;;;;;;;;;;;;;;;;;;;;;;;;;;;;;;;;;;;;;;;;;;;;;;;;;;;;;;;;;;;;;;;;;;;;;;;;;;;;;;;;;;;;;;;;;;;;;;;;;;;;;;;;;;;;;;;;;;;;;;;;;;;;;;;;;;;;;;;;;;;;;;;;;;;;;;;;;;;;;;;;;;
209;0;17;18;26;33;2;5;28;33;9;11;30;15;10;29;9;14;22;19;3;1;30;26;29;19;28;12;16;27;5;11;5;16;34;5;14;14;31;7;18;9;1;26;3;10;17;17;4;34;26;33;4;25;10;19;32;10;25;6;11;33;15;18;10;4;15;22;16;27;13;21;27;32;15;2;25;18;30;16;13;3;16;22;27;29;8;21;28;9;12;29;20;18;23;18;34;26;2;6;19;28;3;24;26;27;30;7;19;28;13;7;17;3;8;30;23;30;29;30;11;17;21;10;32;1;29;22;9;25;15;29;34;10;16;8;24;22;29;28;34;33;31;6;2;17;12;31;28;15;20;21;31;1;17;23;16;32;33;29;16;31;3;23;10;9;24;27;31;8;30;29;11;3;27;29;16;6;5;13;26;11;2;24;26;7;20;14;18;1;22;9;19;15;21;4;13;22;27;13;1;25;18;23;6;15;31;30;11;22;;;;;;;;;;;;;;;;;;;;;;;;;;;;;;;;;;;;;;;;;;;;;;;;;;;;;;;;;;;;;;;;;;;;;;;;;;;;;;;;;;;;;;;;;;;;;;;;;;;;;;;;;;;;;;;;;;;;;;;;;;;;;;;;;;;;;;;;;;;;;;;;;;;;;;;;;;;;;;;;;;;;;;;;;;;;;;;;;;;;;;;;;;;;;;;;;;;;;;;;;;;;;;;;;;;;;;;;;;;;;;;;;;;;;;;;;;;;;;;;;;;;;;;;;;;;;;;;;;;;;;;;;;;;;;;;;;;;;;;;;;;;;;;;;;;;;;;;;;;;;;;;;;;;;;;;;;;;;;;;;;;;;;;;;;;;;;;;;;;;;;;;;;;;;;;;;;;;;;;;;;;;;;;;;;;;;;;;;;;;;;;;;;;;;;;;;;;;;;;;;;;;;;;;;;;;;;;;;;;;;;;;;;;;;;;;;;;;;;;;;;;;;;;;;;;;;;;;;;;;;;;;;;;;;;;;;;;;;;;;;;;;;;;;;;;;;;;;;;;;;;;;;;;;;;;;;;;;;;;;;;;;;;;;;;;;;;;;;;;;;;;;;;;;;;;;;;;;;;;;;;;;;;;;;;;;;;;;;;;;;;;;;;;;;;;;;;;;;;;;;;;;;;;;;;;;;;;;;;;;;;;;;;;;;;;;;;;;;;;;;;;;;;;;;;;;;;;;;;;;;;;;;;;;;;;;;;;;;;;;;;;;;;;;;;;;;;;;;;;;;;;;;;;;;;;;;;;;;;;;;;;;;;;;;;;;;;;;;;;;;;;;;;;;;;;;;;;;;;;;;;;;;;;;;;;;;;;;;;;;;;;;;;;;;;;;
214;0;17;18;26;33;2;5;28;33;9;11;30;15;10;29;9;14;22;19;3;1;30;26;29;19;28;12;16;27;5;11;5;16;34;5;14;14;31;7;18;9;1;26;3;10;17;17;4;34;26;33;4;25;10;19;32;10;25;6;11;33;15;18;10;4;15;22;16;27;13;21;27;32;15;2;25;18;30;16;13;3;16;22;27;29;8;21;28;9;12;29;20;18;23;18;34;26;2;6;19;28;3;24;26;27;30;7;19;28;13;7;17;3;8;30;23;30;29;30;11;17;21;10;32;1;29;22;9;25;15;29;34;10;16;8;24;22;29;28;34;33;31;6;2;17;12;31;28;15;20;21;31;1;17;23;16;32;33;29;16;31;3;23;10;9;24;27;31;8;30;29;11;3;27;29;16;6;5;13;26;11;2;24;26;7;20;14;18;1;22;9;19;15;21;4;13;22;27;13;1;25;18;23;6;15;31;30;11;22;3;28;10;12;33;;;;;;;;;;;;;;;;;;;;;;;;;;;;;;;;;;;;;;;;;;;;;;;;;;;;;;;;;;;;;;;;;;;;;;;;;;;;;;;;;;;;;;;;;;;;;;;;;;;;;;;;;;;;;;;;;;;;;;;;;;;;;;;;;;;;;;;;;;;;;;;;;;;;;;;;;;;;;;;;;;;;;;;;;;;;;;;;;;;;;;;;;;;;;;;;;;;;;;;;;;;;;;;;;;;;;;;;;;;;;;;;;;;;;;;;;;;;;;;;;;;;;;;;;;;;;;;;;;;;;;;;;;;;;;;;;;;;;;;;;;;;;;;;;;;;;;;;;;;;;;;;;;;;;;;;;;;;;;;;;;;;;;;;;;;;;;;;;;;;;;;;;;;;;;;;;;;;;;;;;;;;;;;;;;;;;;;;;;;;;;;;;;;;;;;;;;;;;;;;;;;;;;;;;;;;;;;;;;;;;;;;;;;;;;;;;;;;;;;;;;;;;;;;;;;;;;;;;;;;;;;;;;;;;;;;;;;;;;;;;;;;;;;;;;;;;;;;;;;;;;;;;;;;;;;;;;;;;;;;;;;;;;;;;;;;;;;;;;;;;;;;;;;;;;;;;;;;;;;;;;;;;;;;;;;;;;;;;;;;;;;;;;;;;;;;;;;;;;;;;;;;;;;;;;;;;;;;;;;;;;;;;;;;;;;;;;;;;;;;;;;;;;;;;;;;;;;;;;;;;;;;;;;;;;;;;;;;;;;;;;;;;;;;;;;;;;;;;;;;;;;;;;;;;;;;;;;;;;;;;;;;;;;;;;;;;;;;;;;;;;;;;;;;;;;;;;;;;;;;;;;;;;;;;;;;;;;;;;;;;;;;;;;
219;0;17;18;26;33;2;5;28;33;9;11;30;15;10;29;9;14;22;19;3;1;30;26;29;19;28;12;16;27;5;11;5;16;34;5;14;14;31;7;18;9;1;26;3;10;17;17;4;34;26;33;4;25;10;19;32;10;25;6;11;33;15;18;10;4;15;22;16;27;13;21;27;32;15;2;25;18;30;16;13;3;16;22;27;29;8;21;28;9;12;29;20;18;23;18;34;26;2;6;19;28;3;24;26;27;30;7;19;28;13;7;17;3;8;30;23;30;29;30;11;17;21;10;32;1;29;22;9;25;15;29;34;10;16;8;24;22;29;28;34;33;31;6;2;17;12;31;28;15;20;21;31;1;17;23;16;32;33;29;16;31;3;23;10;9;24;27;31;8;30;29;11;3;27;29;16;6;5;13;26;11;2;24;26;7;20;14;18;1;22;9;19;15;21;4;13;22;27;13;1;25;18;23;6;15;31;30;11;22;3;28;10;12;33;19;30;7;26;34;;;;;;;;;;;;;;;;;;;;;;;;;;;;;;;;;;;;;;;;;;;;;;;;;;;;;;;;;;;;;;;;;;;;;;;;;;;;;;;;;;;;;;;;;;;;;;;;;;;;;;;;;;;;;;;;;;;;;;;;;;;;;;;;;;;;;;;;;;;;;;;;;;;;;;;;;;;;;;;;;;;;;;;;;;;;;;;;;;;;;;;;;;;;;;;;;;;;;;;;;;;;;;;;;;;;;;;;;;;;;;;;;;;;;;;;;;;;;;;;;;;;;;;;;;;;;;;;;;;;;;;;;;;;;;;;;;;;;;;;;;;;;;;;;;;;;;;;;;;;;;;;;;;;;;;;;;;;;;;;;;;;;;;;;;;;;;;;;;;;;;;;;;;;;;;;;;;;;;;;;;;;;;;;;;;;;;;;;;;;;;;;;;;;;;;;;;;;;;;;;;;;;;;;;;;;;;;;;;;;;;;;;;;;;;;;;;;;;;;;;;;;;;;;;;;;;;;;;;;;;;;;;;;;;;;;;;;;;;;;;;;;;;;;;;;;;;;;;;;;;;;;;;;;;;;;;;;;;;;;;;;;;;;;;;;;;;;;;;;;;;;;;;;;;;;;;;;;;;;;;;;;;;;;;;;;;;;;;;;;;;;;;;;;;;;;;;;;;;;;;;;;;;;;;;;;;;;;;;;;;;;;;;;;;;;;;;;;;;;;;;;;;;;;;;;;;;;;;;;;;;;;;;;;;;;;;;;;;;;;;;;;;;;;;;;;;;;;;;;;;;;;;;;;;;;;;;;;;;;;;;;;;;;;;;;;;;;;;;;;;;;;;;;;;;;;;;;;;;;;;;;;;;;;;;;;;;;;;;;;;;
223;0;17;18;26;33;2;5;28;33;9;11;30;15;10;29;9;14;22;19;3;1;30;26;29;19;28;12;16;27;5;11;5;16;34;5;14;14;31;7;18;9;1;26;3;10;17;17;4;34;26;33;4;25;10;19;32;10;25;6;11;33;15;18;10;4;15;22;16;27;13;21;27;32;15;2;25;18;30;16;13;3;16;22;27;29;8;21;28;9;12;29;20;18;23;18;34;26;2;6;19;28;3;24;26;27;30;7;19;28;13;7;17;3;8;30;23;30;29;30;11;17;21;10;32;1;29;22;9;25;15;29;34;10;16;8;24;22;29;28;34;33;31;6;2;17;12;31;28;15;20;21;31;1;17;23;16;32;33;29;16;31;3;23;10;9;24;27;31;8;30;29;11;3;27;29;16;6;5;13;26;11;2;24;26;7;20;14;18;1;22;9;19;15;21;4;13;22;27;13;1;25;18;23;6;15;31;30;11;22;3;28;10;12;33;19;30;7;26;34;3;9;5;9;;;;;;;;;;;;;;;;;;;;;;;;;;;;;;;;;;;;;;;;;;;;;;;;;;;;;;;;;;;;;;;;;;;;;;;;;;;;;;;;;;;;;;;;;;;;;;;;;;;;;;;;;;;;;;;;;;;;;;;;;;;;;;;;;;;;;;;;;;;;;;;;;;;;;;;;;;;;;;;;;;;;;;;;;;;;;;;;;;;;;;;;;;;;;;;;;;;;;;;;;;;;;;;;;;;;;;;;;;;;;;;;;;;;;;;;;;;;;;;;;;;;;;;;;;;;;;;;;;;;;;;;;;;;;;;;;;;;;;;;;;;;;;;;;;;;;;;;;;;;;;;;;;;;;;;;;;;;;;;;;;;;;;;;;;;;;;;;;;;;;;;;;;;;;;;;;;;;;;;;;;;;;;;;;;;;;;;;;;;;;;;;;;;;;;;;;;;;;;;;;;;;;;;;;;;;;;;;;;;;;;;;;;;;;;;;;;;;;;;;;;;;;;;;;;;;;;;;;;;;;;;;;;;;;;;;;;;;;;;;;;;;;;;;;;;;;;;;;;;;;;;;;;;;;;;;;;;;;;;;;;;;;;;;;;;;;;;;;;;;;;;;;;;;;;;;;;;;;;;;;;;;;;;;;;;;;;;;;;;;;;;;;;;;;;;;;;;;;;;;;;;;;;;;;;;;;;;;;;;;;;;;;;;;;;;;;;;;;;;;;;;;;;;;;;;;;;;;;;;;;;;;;;;;;;;;;;;;;;;;;;;;;;;;;;;;;;;;;;;;;;;;;;;;;;;;;;;;;;;;;;;;;;;;;;;;;;;;;;;;;;;;;;;;;;;;;;;;;;;;;;;;;;;;;;;;;;;;;;
228;0;17;18;26;33;2;5;28;33;9;11;30;15;10;29;9;14;22;19;3;1;30;26;29;19;28;12;16;27;5;11;5;16;34;5;14;14;31;7;18;9;1;26;3;10;17;17;4;34;26;33;4;25;10;19;32;10;25;6;11;33;15;18;10;4;15;22;16;27;13;21;27;32;15;2;25;18;30;16;13;3;16;22;27;29;8;21;28;9;12;29;20;18;23;18;34;26;2;6;19;28;3;24;26;27;30;7;19;28;13;7;17;3;8;30;23;30;29;30;11;17;21;10;32;1;29;22;9;25;15;29;34;10;16;8;24;22;29;28;34;33;31;6;2;17;12;31;28;15;20;21;31;1;17;23;16;32;33;29;16;31;3;23;10;9;24;27;31;8;30;29;11;3;27;29;16;6;5;13;26;11;2;24;26;7;20;14;18;1;22;9;19;15;21;4;13;22;27;13;1;25;18;23;6;15;31;30;11;22;3;28;10;12;33;19;30;7;26;34;3;9;5;9;11;3;31;9;32;;;;;;;;;;;;;;;;;;;;;;;;;;;;;;;;;;;;;;;;;;;;;;;;;;;;;;;;;;;;;;;;;;;;;;;;;;;;;;;;;;;;;;;;;;;;;;;;;;;;;;;;;;;;;;;;;;;;;;;;;;;;;;;;;;;;;;;;;;;;;;;;;;;;;;;;;;;;;;;;;;;;;;;;;;;;;;;;;;;;;;;;;;;;;;;;;;;;;;;;;;;;;;;;;;;;;;;;;;;;;;;;;;;;;;;;;;;;;;;;;;;;;;;;;;;;;;;;;;;;;;;;;;;;;;;;;;;;;;;;;;;;;;;;;;;;;;;;;;;;;;;;;;;;;;;;;;;;;;;;;;;;;;;;;;;;;;;;;;;;;;;;;;;;;;;;;;;;;;;;;;;;;;;;;;;;;;;;;;;;;;;;;;;;;;;;;;;;;;;;;;;;;;;;;;;;;;;;;;;;;;;;;;;;;;;;;;;;;;;;;;;;;;;;;;;;;;;;;;;;;;;;;;;;;;;;;;;;;;;;;;;;;;;;;;;;;;;;;;;;;;;;;;;;;;;;;;;;;;;;;;;;;;;;;;;;;;;;;;;;;;;;;;;;;;;;;;;;;;;;;;;;;;;;;;;;;;;;;;;;;;;;;;;;;;;;;;;;;;;;;;;;;;;;;;;;;;;;;;;;;;;;;;;;;;;;;;;;;;;;;;;;;;;;;;;;;;;;;;;;;;;;;;;;;;;;;;;;;;;;;;;;;;;;;;;;;;;;;;;;;;;;;;;;;;;;;;;;;;;;;;;;;;;;;;;;;;;;;;;;;;;;;;;;;;;;;;;;;;;;;;;;;;;;;;;;;
233;0;17;18;26;33;2;5;28;33;9;11;30;15;10;29;9;14;22;19;3;1;30;26;29;19;28;12;16;27;5;11;5;16;34;5;14;14;31;7;18;9;1;26;3;10;17;17;4;34;26;33;4;25;10;19;32;10;25;6;11;33;15;18;10;4;15;22;16;27;13;21;27;32;15;2;25;18;30;16;13;3;16;22;27;29;8;21;28;9;12;29;20;18;23;18;34;26;2;6;19;28;3;24;26;27;30;7;19;28;13;7;17;3;8;30;23;30;29;30;11;17;21;10;32;1;29;22;9;25;15;29;34;10;16;8;24;22;29;28;34;33;31;6;2;17;12;31;28;15;20;21;31;1;17;23;16;32;33;29;16;31;3;23;10;9;24;27;31;8;30;29;11;3;27;29;16;6;5;13;26;11;2;24;26;7;20;14;18;1;22;9;19;15;21;4;13;22;27;13;1;25;18;23;6;15;31;30;11;22;3;28;10;12;33;19;30;7;26;34;3;9;5;9;11;3;31;9;32;26;6;24;27;5;;;;;;;;;;;;;;;;;;;;;;;;;;;;;;;;;;;;;;;;;;;;;;;;;;;;;;;;;;;;;;;;;;;;;;;;;;;;;;;;;;;;;;;;;;;;;;;;;;;;;;;;;;;;;;;;;;;;;;;;;;;;;;;;;;;;;;;;;;;;;;;;;;;;;;;;;;;;;;;;;;;;;;;;;;;;;;;;;;;;;;;;;;;;;;;;;;;;;;;;;;;;;;;;;;;;;;;;;;;;;;;;;;;;;;;;;;;;;;;;;;;;;;;;;;;;;;;;;;;;;;;;;;;;;;;;;;;;;;;;;;;;;;;;;;;;;;;;;;;;;;;;;;;;;;;;;;;;;;;;;;;;;;;;;;;;;;;;;;;;;;;;;;;;;;;;;;;;;;;;;;;;;;;;;;;;;;;;;;;;;;;;;;;;;;;;;;;;;;;;;;;;;;;;;;;;;;;;;;;;;;;;;;;;;;;;;;;;;;;;;;;;;;;;;;;;;;;;;;;;;;;;;;;;;;;;;;;;;;;;;;;;;;;;;;;;;;;;;;;;;;;;;;;;;;;;;;;;;;;;;;;;;;;;;;;;;;;;;;;;;;;;;;;;;;;;;;;;;;;;;;;;;;;;;;;;;;;;;;;;;;;;;;;;;;;;;;;;;;;;;;;;;;;;;;;;;;;;;;;;;;;;;;;;;;;;;;;;;;;;;;;;;;;;;;;;;;;;;;;;;;;;;;;;;;;;;;;;;;;;;;;;;;;;;;;;;;;;;;;;;;;;;;;;;;;;;;;;;;;;;;;;;;;;;;;;;;;;;;;;;;;;;;;;;;;;;;;;;;;;;;;;;;;;
237;0;17;18;26;33;2;5;28;33;9;11;30;15;10;29;9;14;22;19;3;1;30;26;29;19;28;12;16;27;5;11;5;16;34;5;14;14;31;7;18;9;1;26;3;10;17;17;4;34;26;33;4;25;10;19;32;10;25;6;11;33;15;18;10;4;15;22;16;27;13;21;27;32;15;2;25;18;30;16;13;3;16;22;27;29;8;21;28;9;12;29;20;18;23;18;34;26;2;6;19;28;3;24;26;27;30;7;19;28;13;7;17;3;8;30;23;30;29;30;11;17;21;10;32;1;29;22;9;25;15;29;34;10;16;8;24;22;29;28;34;33;31;6;2;17;12;31;28;15;20;21;31;1;17;23;16;32;33;29;16;31;3;23;10;9;24;27;31;8;30;29;11;3;27;29;16;6;5;13;26;11;2;24;26;7;20;14;18;1;22;9;19;15;21;4;13;22;27;13;1;25;18;23;6;15;31;30;11;22;3;28;10;12;33;19;30;7;26;34;3;9;5;9;11;3;31;9;32;26;6;24;27;5;5;13;3;15;;;;;;;;;;;;;;;;;;;;;;;;;;;;;;;;;;;;;;;;;;;;;;;;;;;;;;;;;;;;;;;;;;;;;;;;;;;;;;;;;;;;;;;;;;;;;;;;;;;;;;;;;;;;;;;;;;;;;;;;;;;;;;;;;;;;;;;;;;;;;;;;;;;;;;;;;;;;;;;;;;;;;;;;;;;;;;;;;;;;;;;;;;;;;;;;;;;;;;;;;;;;;;;;;;;;;;;;;;;;;;;;;;;;;;;;;;;;;;;;;;;;;;;;;;;;;;;;;;;;;;;;;;;;;;;;;;;;;;;;;;;;;;;;;;;;;;;;;;;;;;;;;;;;;;;;;;;;;;;;;;;;;;;;;;;;;;;;;;;;;;;;;;;;;;;;;;;;;;;;;;;;;;;;;;;;;;;;;;;;;;;;;;;;;;;;;;;;;;;;;;;;;;;;;;;;;;;;;;;;;;;;;;;;;;;;;;;;;;;;;;;;;;;;;;;;;;;;;;;;;;;;;;;;;;;;;;;;;;;;;;;;;;;;;;;;;;;;;;;;;;;;;;;;;;;;;;;;;;;;;;;;;;;;;;;;;;;;;;;;;;;;;;;;;;;;;;;;;;;;;;;;;;;;;;;;;;;;;;;;;;;;;;;;;;;;;;;;;;;;;;;;;;;;;;;;;;;;;;;;;;;;;;;;;;;;;;;;;;;;;;;;;;;;;;;;;;;;;;;;;;;;;;;;;;;;;;;;;;;;;;;;;;;;;;;;;;;;;;;;;;;;;;;;;;;;;;;;;;;;;;;;;;;;;;;;;;;;;;;;;;;;;;;;;;;;;;;;;;;;;;;;
242;0;17;18;26;33;2;5;28;33;9;11;30;15;10;29;9;14;22;19;3;1;30;26;29;19;28;12;16;27;5;11;5;16;34;5;14;14;31;7;18;9;1;26;3;10;17;17;4;34;26;33;4;25;10;19;32;10;25;6;11;33;15;18;10;4;15;22;16;27;13;21;27;32;15;2;25;18;30;16;13;3;16;22;27;29;8;21;28;9;12;29;20;18;23;18;34;26;2;6;19;28;3;24;26;27;30;7;19;28;13;7;17;3;8;30;23;30;29;30;11;17;21;10;32;1;29;22;9;25;15;29;34;10;16;8;24;22;29;28;34;33;31;6;2;17;12;31;28;15;20;21;31;1;17;23;16;32;33;29;16;31;3;23;10;9;24;27;31;8;30;29;11;3;27;29;16;6;5;13;26;11;2;24;26;7;20;14;18;1;22;9;19;15;21;4;13;22;27;13;1;25;18;23;6;15;31;30;11;22;3;28;10;12;33;19;30;7;26;34;3;9;5;9;11;3;31;9;32;26;6;24;27;5;5;13;3;15;17;23;20;16;8;;;;;;;;;;;;;;;;;;;;;;;;;;;;;;;;;;;;;;;;;;;;;;;;;;;;;;;;;;;;;;;;;;;;;;;;;;;;;;;;;;;;;;;;;;;;;;;;;;;;;;;;;;;;;;;;;;;;;;;;;;;;;;;;;;;;;;;;;;;;;;;;;;;;;;;;;;;;;;;;;;;;;;;;;;;;;;;;;;;;;;;;;;;;;;;;;;;;;;;;;;;;;;;;;;;;;;;;;;;;;;;;;;;;;;;;;;;;;;;;;;;;;;;;;;;;;;;;;;;;;;;;;;;;;;;;;;;;;;;;;;;;;;;;;;;;;;;;;;;;;;;;;;;;;;;;;;;;;;;;;;;;;;;;;;;;;;;;;;;;;;;;;;;;;;;;;;;;;;;;;;;;;;;;;;;;;;;;;;;;;;;;;;;;;;;;;;;;;;;;;;;;;;;;;;;;;;;;;;;;;;;;;;;;;;;;;;;;;;;;;;;;;;;;;;;;;;;;;;;;;;;;;;;;;;;;;;;;;;;;;;;;;;;;;;;;;;;;;;;;;;;;;;;;;;;;;;;;;;;;;;;;;;;;;;;;;;;;;;;;;;;;;;;;;;;;;;;;;;;;;;;;;;;;;;;;;;;;;;;;;;;;;;;;;;;;;;;;;;;;;;;;;;;;;;;;;;;;;;;;;;;;;;;;;;;;;;;;;;;;;;;;;;;;;;;;;;;;;;;;;;;;;;;;;;;;;;;;;;;;;;;;;;;;;;;;;;;;;;;;;;;;;;;;;;;;;;;;;;;;;;;;;;;;;;;;;;;;;;;;;;;;;;;;;;;;;;;;;;;
247;0;17;18;26;33;2;5;28;33;9;11;30;15;10;29;9;14;22;19;3;1;30;26;29;19;28;12;16;27;5;11;5;16;34;5;14;14;31;7;18;9;1;26;3;10;17;17;4;34;26;33;4;25;10;19;32;10;25;6;11;33;15;18;10;4;15;22;16;27;13;21;27;32;15;2;25;18;30;16;13;3;16;22;27;29;8;21;28;9;12;29;20;18;23;18;34;26;2;6;19;28;3;24;26;27;30;7;19;28;13;7;17;3;8;30;23;30;29;30;11;17;21;10;32;1;29;22;9;25;15;29;34;10;16;8;24;22;29;28;34;33;31;6;2;17;12;31;28;15;20;21;31;1;17;23;16;32;33;29;16;31;3;23;10;9;24;27;31;8;30;29;11;3;27;29;16;6;5;13;26;11;2;24;26;7;20;14;18;1;22;9;19;15;21;4;13;22;27;13;1;25;18;23;6;15;31;30;11;22;3;28;10;12;33;19;30;7;26;34;3;9;5;9;11;3;31;9;32;26;6;24;27;5;5;13;3;15;17;23;20;16;8;20;16;29;24;25;;;;;;;;;;;;;;;;;;;;;;;;;;;;;;;;;;;;;;;;;;;;;;;;;;;;;;;;;;;;;;;;;;;;;;;;;;;;;;;;;;;;;;;;;;;;;;;;;;;;;;;;;;;;;;;;;;;;;;;;;;;;;;;;;;;;;;;;;;;;;;;;;;;;;;;;;;;;;;;;;;;;;;;;;;;;;;;;;;;;;;;;;;;;;;;;;;;;;;;;;;;;;;;;;;;;;;;;;;;;;;;;;;;;;;;;;;;;;;;;;;;;;;;;;;;;;;;;;;;;;;;;;;;;;;;;;;;;;;;;;;;;;;;;;;;;;;;;;;;;;;;;;;;;;;;;;;;;;;;;;;;;;;;;;;;;;;;;;;;;;;;;;;;;;;;;;;;;;;;;;;;;;;;;;;;;;;;;;;;;;;;;;;;;;;;;;;;;;;;;;;;;;;;;;;;;;;;;;;;;;;;;;;;;;;;;;;;;;;;;;;;;;;;;;;;;;;;;;;;;;;;;;;;;;;;;;;;;;;;;;;;;;;;;;;;;;;;;;;;;;;;;;;;;;;;;;;;;;;;;;;;;;;;;;;;;;;;;;;;;;;;;;;;;;;;;;;;;;;;;;;;;;;;;;;;;;;;;;;;;;;;;;;;;;;;;;;;;;;;;;;;;;;;;;;;;;;;;;;;;;;;;;;;;;;;;;;;;;;;;;;;;;;;;;;;;;;;;;;;;;;;;;;;;;;;;;;;;;;;;;;;;;;;;;;;;;;;;;;;;;;;;;;;;;;;;;;;;;;;;;;;;;;;;;;;;;;;;;;;;;;;;;;;;;;;;;;
251;0;17;18;26;33;2;5;28;33;9;11;30;15;10;29;9;14;22;19;3;1;30;26;29;19;28;12;16;27;5;11;5;16;34;5;14;14;31;7;18;9;1;26;3;10;17;17;4;34;26;33;4;25;10;19;32;10;25;6;11;33;15;18;10;4;15;22;16;27;13;21;27;32;15;2;25;18;30;16;13;3;16;22;27;29;8;21;28;9;12;29;20;18;23;18;34;26;2;6;19;28;3;24;26;27;30;7;19;28;13;7;17;3;8;30;23;30;29;30;11;17;21;10;32;1;29;22;9;25;15;29;34;10;16;8;24;22;29;28;34;33;31;6;2;17;12;31;28;15;20;21;31;1;17;23;16;32;33;29;16;31;3;23;10;9;24;27;31;8;30;29;11;3;27;29;16;6;5;13;26;11;2;24;26;7;20;14;18;1;22;9;19;15;21;4;13;22;27;13;1;25;18;23;6;15;31;30;11;22;3;28;10;12;33;19;30;7;26;34;3;9;5;9;11;3;31;9;32;26;6;24;27;5;5;13;3;15;17;23;20;16;8;20;16;29;24;25;20;13;10;16;;;;;;;;;;;;;;;;;;;;;;;;;;;;;;;;;;;;;;;;;;;;;;;;;;;;;;;;;;;;;;;;;;;;;;;;;;;;;;;;;;;;;;;;;;;;;;;;;;;;;;;;;;;;;;;;;;;;;;;;;;;;;;;;;;;;;;;;;;;;;;;;;;;;;;;;;;;;;;;;;;;;;;;;;;;;;;;;;;;;;;;;;;;;;;;;;;;;;;;;;;;;;;;;;;;;;;;;;;;;;;;;;;;;;;;;;;;;;;;;;;;;;;;;;;;;;;;;;;;;;;;;;;;;;;;;;;;;;;;;;;;;;;;;;;;;;;;;;;;;;;;;;;;;;;;;;;;;;;;;;;;;;;;;;;;;;;;;;;;;;;;;;;;;;;;;;;;;;;;;;;;;;;;;;;;;;;;;;;;;;;;;;;;;;;;;;;;;;;;;;;;;;;;;;;;;;;;;;;;;;;;;;;;;;;;;;;;;;;;;;;;;;;;;;;;;;;;;;;;;;;;;;;;;;;;;;;;;;;;;;;;;;;;;;;;;;;;;;;;;;;;;;;;;;;;;;;;;;;;;;;;;;;;;;;;;;;;;;;;;;;;;;;;;;;;;;;;;;;;;;;;;;;;;;;;;;;;;;;;;;;;;;;;;;;;;;;;;;;;;;;;;;;;;;;;;;;;;;;;;;;;;;;;;;;;;;;;;;;;;;;;;;;;;;;;;;;;;;;;;;;;;;;;;;;;;;;;;;;;;;;;;;;;;;;;;;;;;;;;;;;;;;;;;;;;;;;;;;;;;;;;;;;;;;;;;;;;;;;;;;;;;;;;;;;
256;0;17;18;26;33;2;5;28;33;9;11;30;15;10;29;9;14;22;19;3;1;30;26;29;19;28;12;16;27;5;11;5;16;34;5;14;14;31;7;18;9;1;26;3;10;17;17;4;34;26;33;4;25;10;19;32;10;25;6;11;33;15;18;10;4;15;22;16;27;13;21;27;32;15;2;25;18;30;16;13;3;16;22;27;29;8;21;28;9;12;29;20;18;23;18;34;26;2;6;19;28;3;24;26;27;30;7;19;28;13;7;17;3;8;30;23;30;29;30;11;17;21;10;32;1;29;22;9;25;15;29;34;10;16;8;24;22;29;28;34;33;31;6;2;17;12;31;28;15;20;21;31;1;17;23;16;32;33;29;16;31;3;23;10;9;24;27;31;8;30;29;11;3;27;29;16;6;5;13;26;11;2;24;26;7;20;14;18;1;22;9;19;15;21;4;13;22;27;13;1;25;18;23;6;15;31;30;11;22;3;28;10;12;33;19;30;7;26;34;3;9;5;9;11;3;31;9;32;26;6;24;27;5;5;13;3;15;17;23;20;16;8;20;16;29;24;25;20;13;10;16;20;13;5;4;2;;;;;;;;;;;;;;;;;;;;;;;;;;;;;;;;;;;;;;;;;;;;;;;;;;;;;;;;;;;;;;;;;;;;;;;;;;;;;;;;;;;;;;;;;;;;;;;;;;;;;;;;;;;;;;;;;;;;;;;;;;;;;;;;;;;;;;;;;;;;;;;;;;;;;;;;;;;;;;;;;;;;;;;;;;;;;;;;;;;;;;;;;;;;;;;;;;;;;;;;;;;;;;;;;;;;;;;;;;;;;;;;;;;;;;;;;;;;;;;;;;;;;;;;;;;;;;;;;;;;;;;;;;;;;;;;;;;;;;;;;;;;;;;;;;;;;;;;;;;;;;;;;;;;;;;;;;;;;;;;;;;;;;;;;;;;;;;;;;;;;;;;;;;;;;;;;;;;;;;;;;;;;;;;;;;;;;;;;;;;;;;;;;;;;;;;;;;;;;;;;;;;;;;;;;;;;;;;;;;;;;;;;;;;;;;;;;;;;;;;;;;;;;;;;;;;;;;;;;;;;;;;;;;;;;;;;;;;;;;;;;;;;;;;;;;;;;;;;;;;;;;;;;;;;;;;;;;;;;;;;;;;;;;;;;;;;;;;;;;;;;;;;;;;;;;;;;;;;;;;;;;;;;;;;;;;;;;;;;;;;;;;;;;;;;;;;;;;;;;;;;;;;;;;;;;;;;;;;;;;;;;;;;;;;;;;;;;;;;;;;;;;;;;;;;;;;;;;;;;;;;;;;;;;;;;;;;;;;;;;;;;;;;;;;;;;;;;;;;;;;;;;;;;;;;;;;;;;;;;;;;;;;;;;;;;;;;;;;;;;;;;;;
261;0;17;18;26;33;2;5;28;33;9;11;30;15;10;29;9;14;22;19;3;1;30;26;29;19;28;12;16;27;5;11;5;16;34;5;14;14;31;7;18;9;1;26;3;10;17;17;4;34;26;33;4;25;10;19;32;10;25;6;11;33;15;18;10;4;15;22;16;27;13;21;27;32;15;2;25;18;30;16;13;3;16;22;27;29;8;21;28;9;12;29;20;18;23;18;34;26;2;6;19;28;3;24;26;27;30;7;19;28;13;7;17;3;8;30;23;30;29;30;11;17;21;10;32;1;29;22;9;25;15;29;34;10;16;8;24;22;29;28;34;33;31;6;2;17;12;31;28;15;20;21;31;1;17;23;16;32;33;29;16;31;3;23;10;9;24;27;31;8;30;29;11;3;27;29;16;6;5;13;26;11;2;24;26;7;20;14;18;1;22;9;19;15;21;4;13;22;27;13;1;25;18;23;6;15;31;30;11;22;3;28;10;12;33;19;30;7;26;34;3;9;5;9;11;3;31;9;32;26;6;24;27;5;5;13;3;15;17;23;20;16;8;20;16;29;24;25;20;13;10;16;20;13;5;4;2;7;14;10;7;11;;;;;;;;;;;;;;;;;;;;;;;;;;;;;;;;;;;;;;;;;;;;;;;;;;;;;;;;;;;;;;;;;;;;;;;;;;;;;;;;;;;;;;;;;;;;;;;;;;;;;;;;;;;;;;;;;;;;;;;;;;;;;;;;;;;;;;;;;;;;;;;;;;;;;;;;;;;;;;;;;;;;;;;;;;;;;;;;;;;;;;;;;;;;;;;;;;;;;;;;;;;;;;;;;;;;;;;;;;;;;;;;;;;;;;;;;;;;;;;;;;;;;;;;;;;;;;;;;;;;;;;;;;;;;;;;;;;;;;;;;;;;;;;;;;;;;;;;;;;;;;;;;;;;;;;;;;;;;;;;;;;;;;;;;;;;;;;;;;;;;;;;;;;;;;;;;;;;;;;;;;;;;;;;;;;;;;;;;;;;;;;;;;;;;;;;;;;;;;;;;;;;;;;;;;;;;;;;;;;;;;;;;;;;;;;;;;;;;;;;;;;;;;;;;;;;;;;;;;;;;;;;;;;;;;;;;;;;;;;;;;;;;;;;;;;;;;;;;;;;;;;;;;;;;;;;;;;;;;;;;;;;;;;;;;;;;;;;;;;;;;;;;;;;;;;;;;;;;;;;;;;;;;;;;;;;;;;;;;;;;;;;;;;;;;;;;;;;;;;;;;;;;;;;;;;;;;;;;;;;;;;;;;;;;;;;;;;;;;;;;;;;;;;;;;;;;;;;;;;;;;;;;;;;;;;;;;;;;;;;;;;;;;;;;;;;;;;;;;;;;;;;;;;;;;;;;;;;;;;;;;;;;;;;;;;;;;;;;;;;
266;0;17;18;26;33;2;5;28;33;9;11;30;15;10;29;9;14;22;19;3;1;30;26;29;19;28;12;16;27;5;11;5;16;34;5;14;14;31;7;18;9;1;26;3;10;17;17;4;34;26;33;4;25;10;19;32;10;25;6;11;33;15;18;10;4;15;22;16;27;13;21;27;32;15;2;25;18;30;16;13;3;16;22;27;29;8;21;28;9;12;29;20;18;23;18;34;26;2;6;19;28;3;24;26;27;30;7;19;28;13;7;17;3;8;30;23;30;29;30;11;17;21;10;32;1;29;22;9;25;15;29;34;10;16;8;24;22;29;28;34;33;31;6;2;17;12;31;28;15;20;21;31;1;17;23;16;32;33;29;16;31;3;23;10;9;24;27;31;8;30;29;11;3;27;29;16;6;5;13;26;11;2;24;26;7;20;14;18;1;22;9;19;15;21;4;13;22;27;13;1;25;18;23;6;15;31;30;11;22;3;28;10;12;33;19;30;7;26;34;3;9;5;9;11;3;31;9;32;26;6;24;27;5;5;13;3;15;17;23;20;16;8;20;16;29;24;25;20;13;10;16;20;13;5;4;2;7;14;10;7;11;25;11;32;20;5;;;;;;;;;;;;;;;;;;;;;;;;;;;;;;;;;;;;;;;;;;;;;;;;;;;;;;;;;;;;;;;;;;;;;;;;;;;;;;;;;;;;;;;;;;;;;;;;;;;;;;;;;;;;;;;;;;;;;;;;;;;;;;;;;;;;;;;;;;;;;;;;;;;;;;;;;;;;;;;;;;;;;;;;;;;;;;;;;;;;;;;;;;;;;;;;;;;;;;;;;;;;;;;;;;;;;;;;;;;;;;;;;;;;;;;;;;;;;;;;;;;;;;;;;;;;;;;;;;;;;;;;;;;;;;;;;;;;;;;;;;;;;;;;;;;;;;;;;;;;;;;;;;;;;;;;;;;;;;;;;;;;;;;;;;;;;;;;;;;;;;;;;;;;;;;;;;;;;;;;;;;;;;;;;;;;;;;;;;;;;;;;;;;;;;;;;;;;;;;;;;;;;;;;;;;;;;;;;;;;;;;;;;;;;;;;;;;;;;;;;;;;;;;;;;;;;;;;;;;;;;;;;;;;;;;;;;;;;;;;;;;;;;;;;;;;;;;;;;;;;;;;;;;;;;;;;;;;;;;;;;;;;;;;;;;;;;;;;;;;;;;;;;;;;;;;;;;;;;;;;;;;;;;;;;;;;;;;;;;;;;;;;;;;;;;;;;;;;;;;;;;;;;;;;;;;;;;;;;;;;;;;;;;;;;;;;;;;;;;;;;;;;;;;;;;;;;;;;;;;;;;;;;;;;;;;;;;;;;;;;;;;;;;;;;;;;;;;;;;;;;;;;;;;;;;;;;;;;;;;;;;;;;;;;;;;;;;
270;0;17;18;26;33;2;5;28;33;9;11;30;15;10;29;9;14;22;19;3;1;30;26;29;19;28;12;16;27;5;11;5;16;34;5;14;14;31;7;18;9;1;26;3;10;17;17;4;34;26;33;4;25;10;19;32;10;25;6;11;33;15;18;10;4;15;22;16;27;13;21;27;32;15;2;25;18;30;16;13;3;16;22;27;29;8;21;28;9;12;29;20;18;23;18;34;26;2;6;19;28;3;24;26;27;30;7;19;28;13;7;17;3;8;30;23;30;29;30;11;17;21;10;32;1;29;22;9;25;15;29;34;10;16;8;24;22;29;28;34;33;31;6;2;17;12;31;28;15;20;21;31;1;17;23;16;32;33;29;16;31;3;23;10;9;24;27;31;8;30;29;11;3;27;29;16;6;5;13;26;11;2;24;26;7;20;14;18;1;22;9;19;15;21;4;13;22;27;13;1;25;18;23;6;15;31;30;11;22;3;28;10;12;33;19;30;7;26;34;3;9;5;9;11;3;31;9;32;26;6;24;27;5;5;13;3;15;17;23;20;16;8;20;16;29;24;25;20;13;10;16;20;13;5;4;2;7;14;10;7;11;25;11;32;20;5;34;30;27;6;;;;;;;;;;;;;;;;;;;;;;;;;;;;;;;;;;;;;;;;;;;;;;;;;;;;;;;;;;;;;;;;;;;;;;;;;;;;;;;;;;;;;;;;;;;;;;;;;;;;;;;;;;;;;;;;;;;;;;;;;;;;;;;;;;;;;;;;;;;;;;;;;;;;;;;;;;;;;;;;;;;;;;;;;;;;;;;;;;;;;;;;;;;;;;;;;;;;;;;;;;;;;;;;;;;;;;;;;;;;;;;;;;;;;;;;;;;;;;;;;;;;;;;;;;;;;;;;;;;;;;;;;;;;;;;;;;;;;;;;;;;;;;;;;;;;;;;;;;;;;;;;;;;;;;;;;;;;;;;;;;;;;;;;;;;;;;;;;;;;;;;;;;;;;;;;;;;;;;;;;;;;;;;;;;;;;;;;;;;;;;;;;;;;;;;;;;;;;;;;;;;;;;;;;;;;;;;;;;;;;;;;;;;;;;;;;;;;;;;;;;;;;;;;;;;;;;;;;;;;;;;;;;;;;;;;;;;;;;;;;;;;;;;;;;;;;;;;;;;;;;;;;;;;;;;;;;;;;;;;;;;;;;;;;;;;;;;;;;;;;;;;;;;;;;;;;;;;;;;;;;;;;;;;;;;;;;;;;;;;;;;;;;;;;;;;;;;;;;;;;;;;;;;;;;;;;;;;;;;;;;;;;;;;;;;;;;;;;;;;;;;;;;;;;;;;;;;;;;;;;;;;;;;;;;;;;;;;;;;;;;;;;;;;;;;;;;;;;;;;;;;;;;;;;;;;;;;;;;;;;;;;;;;;;;;
275;0;17;18;26;33;2;5;28;33;9;11;30;15;10;29;9;14;22;19;3;1;30;26;29;19;28;12;16;27;5;11;5;16;34;5;14;14;31;7;18;9;1;26;3;10;17;17;4;34;26;33;4;25;10;19;32;10;25;6;11;33;15;18;10;4;15;22;16;27;13;21;27;32;15;2;25;18;30;16;13;3;16;22;27;29;8;21;28;9;12;29;20;18;23;18;34;26;2;6;19;28;3;24;26;27;30;7;19;28;13;7;17;3;8;30;23;30;29;30;11;17;21;10;32;1;29;22;9;25;15;29;34;10;16;8;24;22;29;28;34;33;31;6;2;17;12;31;28;15;20;21;31;1;17;23;16;32;33;29;16;31;3;23;10;9;24;27;31;8;30;29;11;3;27;29;16;6;5;13;26;11;2;24;26;7;20;14;18;1;22;9;19;15;21;4;13;22;27;13;1;25;18;23;6;15;31;30;11;22;3;28;10;12;33;19;30;7;26;34;3;9;5;9;11;3;31;9;32;26;6;24;27;5;5;13;3;15;17;23;20;16;8;20;16;29;24;25;20;13;10;16;20;13;5;4;2;7;14;10;7;11;25;11;32;20;5;34;30;27;6;27;24;26;25;21;;;;;;;;;;;;;;;;;;;;;;;;;;;;;;;;;;;;;;;;;;;;;;;;;;;;;;;;;;;;;;;;;;;;;;;;;;;;;;;;;;;;;;;;;;;;;;;;;;;;;;;;;;;;;;;;;;;;;;;;;;;;;;;;;;;;;;;;;;;;;;;;;;;;;;;;;;;;;;;;;;;;;;;;;;;;;;;;;;;;;;;;;;;;;;;;;;;;;;;;;;;;;;;;;;;;;;;;;;;;;;;;;;;;;;;;;;;;;;;;;;;;;;;;;;;;;;;;;;;;;;;;;;;;;;;;;;;;;;;;;;;;;;;;;;;;;;;;;;;;;;;;;;;;;;;;;;;;;;;;;;;;;;;;;;;;;;;;;;;;;;;;;;;;;;;;;;;;;;;;;;;;;;;;;;;;;;;;;;;;;;;;;;;;;;;;;;;;;;;;;;;;;;;;;;;;;;;;;;;;;;;;;;;;;;;;;;;;;;;;;;;;;;;;;;;;;;;;;;;;;;;;;;;;;;;;;;;;;;;;;;;;;;;;;;;;;;;;;;;;;;;;;;;;;;;;;;;;;;;;;;;;;;;;;;;;;;;;;;;;;;;;;;;;;;;;;;;;;;;;;;;;;;;;;;;;;;;;;;;;;;;;;;;;;;;;;;;;;;;;;;;;;;;;;;;;;;;;;;;;;;;;;;;;;;;;;;;;;;;;;;;;;;;;;;;;;;;;;;;;;;;;;;;;;;;;;;;;;;;;;;;;;;;;;;;;;;;;;;;;;;;;;;;;;;;;;;;;;;;;;;;;;;
280;0;17;18;26;33;2;5;28;33;9;11;30;15;10;29;9;14;22;19;3;1;30;26;29;19;28;12;16;27;5;11;5;16;34;5;14;14;31;7;18;9;1;26;3;10;17;17;4;34;26;33;4;25;10;19;32;10;25;6;11;33;15;18;10;4;15;22;16;27;13;21;27;32;15;2;25;18;30;16;13;3;16;22;27;29;8;21;28;9;12;29;20;18;23;18;34;26;2;6;19;28;3;24;26;27;30;7;19;28;13;7;17;3;8;30;23;30;29;30;11;17;21;10;32;1;29;22;9;25;15;29;34;10;16;8;24;22;29;28;34;33;31;6;2;17;12;31;28;15;20;21;31;1;17;23;16;32;33;29;16;31;3;23;10;9;24;27;31;8;30;29;11;3;27;29;16;6;5;13;26;11;2;24;26;7;20;14;18;1;22;9;19;15;21;4;13;22;27;13;1;25;18;23;6;15;31;30;11;22;3;28;10;12;33;19;30;7;26;34;3;9;5;9;11;3;31;9;32;26;6;24;27;5;5;13;3;15;17;23;20;16;8;20;16;29;24;25;20;13;10;16;20;13;5;4;2;7;14;10;7;11;25;11;32;20;5;34;30;27;6;27;24;26;25;21;12;32;34;24;13;;;;;;;;;;;;;;;;;;;;;;;;;;;;;;;;;;;;;;;;;;;;;;;;;;;;;;;;;;;;;;;;;;;;;;;;;;;;;;;;;;;;;;;;;;;;;;;;;;;;;;;;;;;;;;;;;;;;;;;;;;;;;;;;;;;;;;;;;;;;;;;;;;;;;;;;;;;;;;;;;;;;;;;;;;;;;;;;;;;;;;;;;;;;;;;;;;;;;;;;;;;;;;;;;;;;;;;;;;;;;;;;;;;;;;;;;;;;;;;;;;;;;;;;;;;;;;;;;;;;;;;;;;;;;;;;;;;;;;;;;;;;;;;;;;;;;;;;;;;;;;;;;;;;;;;;;;;;;;;;;;;;;;;;;;;;;;;;;;;;;;;;;;;;;;;;;;;;;;;;;;;;;;;;;;;;;;;;;;;;;;;;;;;;;;;;;;;;;;;;;;;;;;;;;;;;;;;;;;;;;;;;;;;;;;;;;;;;;;;;;;;;;;;;;;;;;;;;;;;;;;;;;;;;;;;;;;;;;;;;;;;;;;;;;;;;;;;;;;;;;;;;;;;;;;;;;;;;;;;;;;;;;;;;;;;;;;;;;;;;;;;;;;;;;;;;;;;;;;;;;;;;;;;;;;;;;;;;;;;;;;;;;;;;;;;;;;;;;;;;;;;;;;;;;;;;;;;;;;;;;;;;;;;;;;;;;;;;;;;;;;;;;;;;;;;;;;;;;;;;;;;;;;;;;;;;;;;;;;;;;;;;;;;;;;;;;;;;;;;;;;;;;;;;;;;;;;;;;;;;;
284;0;17;18;26;33;2;5;28;33;9;11;30;15;10;29;9;14;22;19;3;1;30;26;29;19;28;12;16;27;5;11;5;16;34;5;14;14;31;7;18;9;1;26;3;10;17;17;4;34;26;33;4;25;10;19;32;10;25;6;11;33;15;18;10;4;15;22;16;27;13;21;27;32;15;2;25;18;30;16;13;3;16;22;27;29;8;21;28;9;12;29;20;18;23;18;34;26;2;6;19;28;3;24;26;27;30;7;19;28;13;7;17;3;8;30;23;30;29;30;11;17;21;10;32;1;29;22;9;25;15;29;34;10;16;8;24;22;29;28;34;33;31;6;2;17;12;31;28;15;20;21;31;1;17;23;16;32;33;29;16;31;3;23;10;9;24;27;31;8;30;29;11;3;27;29;16;6;5;13;26;11;2;24;26;7;20;14;18;1;22;9;19;15;21;4;13;22;27;13;1;25;18;23;6;15;31;30;11;22;3;28;10;12;33;19;30;7;26;34;3;9;5;9;11;3;31;9;32;26;6;24;27;5;5;13;3;15;17;23;20;16;8;20;16;29;24;25;20;13;10;16;20;13;5;4;2;7;14;10;7;11;25;11;32;20;5;34;30;27;6;27;24;26;25;21;12;32;34;24;13;18;20;3;4;;;;;;;;;;;;;;;;;;;;;;;;;;;;;;;;;;;;;;;;;;;;;;;;;;;;;;;;;;;;;;;;;;;;;;;;;;;;;;;;;;;;;;;;;;;;;;;;;;;;;;;;;;;;;;;;;;;;;;;;;;;;;;;;;;;;;;;;;;;;;;;;;;;;;;;;;;;;;;;;;;;;;;;;;;;;;;;;;;;;;;;;;;;;;;;;;;;;;;;;;;;;;;;;;;;;;;;;;;;;;;;;;;;;;;;;;;;;;;;;;;;;;;;;;;;;;;;;;;;;;;;;;;;;;;;;;;;;;;;;;;;;;;;;;;;;;;;;;;;;;;;;;;;;;;;;;;;;;;;;;;;;;;;;;;;;;;;;;;;;;;;;;;;;;;;;;;;;;;;;;;;;;;;;;;;;;;;;;;;;;;;;;;;;;;;;;;;;;;;;;;;;;;;;;;;;;;;;;;;;;;;;;;;;;;;;;;;;;;;;;;;;;;;;;;;;;;;;;;;;;;;;;;;;;;;;;;;;;;;;;;;;;;;;;;;;;;;;;;;;;;;;;;;;;;;;;;;;;;;;;;;;;;;;;;;;;;;;;;;;;;;;;;;;;;;;;;;;;;;;;;;;;;;;;;;;;;;;;;;;;;;;;;;;;;;;;;;;;;;;;;;;;;;;;;;;;;;;;;;;;;;;;;;;;;;;;;;;;;;;;;;;;;;;;;;;;;;;;;;;;;;;;;;;;;;;;;;;;;;;;;;;;;;;;;;;;;;;;;;;;;;;;;;;;;;;;;;;;
289;0;17;18;26;33;2;5;28;33;9;11;30;15;10;29;9;14;22;19;3;1;30;26;29;19;28;12;16;27;5;11;5;16;34;5;14;14;31;7;18;9;1;26;3;10;17;17;4;34;26;33;4;25;10;19;32;10;25;6;11;33;15;18;10;4;15;22;16;27;13;21;27;32;15;2;25;18;30;16;13;3;16;22;27;29;8;21;28;9;12;29;20;18;23;18;34;26;2;6;19;28;3;24;26;27;30;7;19;28;13;7;17;3;8;30;23;30;29;30;11;17;21;10;32;1;29;22;9;25;15;29;34;10;16;8;24;22;29;28;34;33;31;6;2;17;12;31;28;15;20;21;31;1;17;23;16;32;33;29;16;31;3;23;10;9;24;27;31;8;30;29;11;3;27;29;16;6;5;13;26;11;2;24;26;7;20;14;18;1;22;9;19;15;21;4;13;22;27;13;1;25;18;23;6;15;31;30;11;22;3;28;10;12;33;19;30;7;26;34;3;9;5;9;11;3;31;9;32;26;6;24;27;5;5;13;3;15;17;23;20;16;8;20;16;29;24;25;20;13;10;16;20;13;5;4;2;7;14;10;7;11;25;11;32;20;5;34;30;27;6;27;24;26;25;21;12;32;34;24;13;18;20;3;4;17;20;8;9;5;;;;;;;;;;;;;;;;;;;;;;;;;;;;;;;;;;;;;;;;;;;;;;;;;;;;;;;;;;;;;;;;;;;;;;;;;;;;;;;;;;;;;;;;;;;;;;;;;;;;;;;;;;;;;;;;;;;;;;;;;;;;;;;;;;;;;;;;;;;;;;;;;;;;;;;;;;;;;;;;;;;;;;;;;;;;;;;;;;;;;;;;;;;;;;;;;;;;;;;;;;;;;;;;;;;;;;;;;;;;;;;;;;;;;;;;;;;;;;;;;;;;;;;;;;;;;;;;;;;;;;;;;;;;;;;;;;;;;;;;;;;;;;;;;;;;;;;;;;;;;;;;;;;;;;;;;;;;;;;;;;;;;;;;;;;;;;;;;;;;;;;;;;;;;;;;;;;;;;;;;;;;;;;;;;;;;;;;;;;;;;;;;;;;;;;;;;;;;;;;;;;;;;;;;;;;;;;;;;;;;;;;;;;;;;;;;;;;;;;;;;;;;;;;;;;;;;;;;;;;;;;;;;;;;;;;;;;;;;;;;;;;;;;;;;;;;;;;;;;;;;;;;;;;;;;;;;;;;;;;;;;;;;;;;;;;;;;;;;;;;;;;;;;;;;;;;;;;;;;;;;;;;;;;;;;;;;;;;;;;;;;;;;;;;;;;;;;;;;;;;;;;;;;;;;;;;;;;;;;;;;;;;;;;;;;;;;;;;;;;;;;;;;;;;;;;;;;;;;;;;;;;;;;;;;;;;;;;;;;;;;;;;;;;;;;;;;;;;;;;;;;;;;;;;;;;
294;0;17;18;26;33;2;5;28;33;9;11;30;15;10;29;9;14;22;19;3;1;30;26;29;19;28;12;16;27;5;11;5;16;34;5;14;14;31;7;18;9;1;26;3;10;17;17;4;34;26;33;4;25;10;19;32;10;25;6;11;33;15;18;10;4;15;22;16;27;13;21;27;32;15;2;25;18;30;16;13;3;16;22;27;29;8;21;28;9;12;29;20;18;23;18;34;26;2;6;19;28;3;24;26;27;30;7;19;28;13;7;17;3;8;30;23;30;29;30;11;17;21;10;32;1;29;22;9;25;15;29;34;10;16;8;24;22;29;28;34;33;31;6;2;17;12;31;28;15;20;21;31;1;17;23;16;32;33;29;16;31;3;23;10;9;24;27;31;8;30;29;11;3;27;29;16;6;5;13;26;11;2;24;26;7;20;14;18;1;22;9;19;15;21;4;13;22;27;13;1;25;18;23;6;15;31;30;11;22;3;28;10;12;33;19;30;7;26;34;3;9;5;9;11;3;31;9;32;26;6;24;27;5;5;13;3;15;17;23;20;16;8;20;16;29;24;25;20;13;10;16;20;13;5;4;2;7;14;10;7;11;25;11;32;20;5;34;30;27;6;27;24;26;25;21;12;32;34;24;13;18;20;3;4;17;20;8;9;5;32;18;10;27;33;;;;;;;;;;;;;;;;;;;;;;;;;;;;;;;;;;;;;;;;;;;;;;;;;;;;;;;;;;;;;;;;;;;;;;;;;;;;;;;;;;;;;;;;;;;;;;;;;;;;;;;;;;;;;;;;;;;;;;;;;;;;;;;;;;;;;;;;;;;;;;;;;;;;;;;;;;;;;;;;;;;;;;;;;;;;;;;;;;;;;;;;;;;;;;;;;;;;;;;;;;;;;;;;;;;;;;;;;;;;;;;;;;;;;;;;;;;;;;;;;;;;;;;;;;;;;;;;;;;;;;;;;;;;;;;;;;;;;;;;;;;;;;;;;;;;;;;;;;;;;;;;;;;;;;;;;;;;;;;;;;;;;;;;;;;;;;;;;;;;;;;;;;;;;;;;;;;;;;;;;;;;;;;;;;;;;;;;;;;;;;;;;;;;;;;;;;;;;;;;;;;;;;;;;;;;;;;;;;;;;;;;;;;;;;;;;;;;;;;;;;;;;;;;;;;;;;;;;;;;;;;;;;;;;;;;;;;;;;;;;;;;;;;;;;;;;;;;;;;;;;;;;;;;;;;;;;;;;;;;;;;;;;;;;;;;;;;;;;;;;;;;;;;;;;;;;;;;;;;;;;;;;;;;;;;;;;;;;;;;;;;;;;;;;;;;;;;;;;;;;;;;;;;;;;;;;;;;;;;;;;;;;;;;;;;;;;;;;;;;;;;;;;;;;;;;;;;;;;;;;;;;;;;;;;;;;;;;;;;;;;;;;;;;;;;;;;;;;;;;;;;;;;;
298;0;17;18;26;33;2;5;28;33;9;11;30;15;10;29;9;14;22;19;3;1;30;26;29;19;28;12;16;27;5;11;5;16;34;5;14;14;31;7;18;9;1;26;3;10;17;17;4;34;26;33;4;25;10;19;32;10;25;6;11;33;15;18;10;4;15;22;16;27;13;21;27;32;15;2;25;18;30;16;13;3;16;22;27;29;8;21;28;9;12;29;20;18;23;18;34;26;2;6;19;28;3;24;26;27;30;7;19;28;13;7;17;3;8;30;23;30;29;30;11;17;21;10;32;1;29;22;9;25;15;29;34;10;16;8;24;22;29;28;34;33;31;6;2;17;12;31;28;15;20;21;31;1;17;23;16;32;33;29;16;31;3;23;10;9;24;27;31;8;30;29;11;3;27;29;16;6;5;13;26;11;2;24;26;7;20;14;18;1;22;9;19;15;21;4;13;22;27;13;1;25;18;23;6;15;31;30;11;22;3;28;10;12;33;19;30;7;26;34;3;9;5;9;11;3;31;9;32;26;6;24;27;5;5;13;3;15;17;23;20;16;8;20;16;29;24;25;20;13;10;16;20;13;5;4;2;7;14;10;7;11;25;11;32;20;5;34;30;27;6;27;24;26;25;21;12;32;34;24;13;18;20;3;4;17;20;8;9;5;32;18;10;27;33;11;31;27;27;;;;;;;;;;;;;;;;;;;;;;;;;;;;;;;;;;;;;;;;;;;;;;;;;;;;;;;;;;;;;;;;;;;;;;;;;;;;;;;;;;;;;;;;;;;;;;;;;;;;;;;;;;;;;;;;;;;;;;;;;;;;;;;;;;;;;;;;;;;;;;;;;;;;;;;;;;;;;;;;;;;;;;;;;;;;;;;;;;;;;;;;;;;;;;;;;;;;;;;;;;;;;;;;;;;;;;;;;;;;;;;;;;;;;;;;;;;;;;;;;;;;;;;;;;;;;;;;;;;;;;;;;;;;;;;;;;;;;;;;;;;;;;;;;;;;;;;;;;;;;;;;;;;;;;;;;;;;;;;;;;;;;;;;;;;;;;;;;;;;;;;;;;;;;;;;;;;;;;;;;;;;;;;;;;;;;;;;;;;;;;;;;;;;;;;;;;;;;;;;;;;;;;;;;;;;;;;;;;;;;;;;;;;;;;;;;;;;;;;;;;;;;;;;;;;;;;;;;;;;;;;;;;;;;;;;;;;;;;;;;;;;;;;;;;;;;;;;;;;;;;;;;;;;;;;;;;;;;;;;;;;;;;;;;;;;;;;;;;;;;;;;;;;;;;;;;;;;;;;;;;;;;;;;;;;;;;;;;;;;;;;;;;;;;;;;;;;;;;;;;;;;;;;;;;;;;;;;;;;;;;;;;;;;;;;;;;;;;;;;;;;;;;;;;;;;;;;;;;;;;;;;;;;;;;;;;;;;;;;;;;;;;;;;;;;;;;;;;;;;;;;
303;0;17;18;26;33;2;5;28;33;9;11;30;15;10;29;9;14;22;19;3;1;30;26;29;19;28;12;16;27;5;11;5;16;34;5;14;14;31;7;18;9;1;26;3;10;17;17;4;34;26;33;4;25;10;19;32;10;25;6;11;33;15;18;10;4;15;22;16;27;13;21;27;32;15;2;25;18;30;16;13;3;16;22;27;29;8;21;28;9;12;29;20;18;23;18;34;26;2;6;19;28;3;24;26;27;30;7;19;28;13;7;17;3;8;30;23;30;29;30;11;17;21;10;32;1;29;22;9;25;15;29;34;10;16;8;24;22;29;28;34;33;31;6;2;17;12;31;28;15;20;21;31;1;17;23;16;32;33;29;16;31;3;23;10;9;24;27;31;8;30;29;11;3;27;29;16;6;5;13;26;11;2;24;26;7;20;14;18;1;22;9;19;15;21;4;13;22;27;13;1;25;18;23;6;15;31;30;11;22;3;28;10;12;33;19;30;7;26;34;3;9;5;9;11;3;31;9;32;26;6;24;27;5;5;13;3;15;17;23;20;16;8;20;16;29;24;25;20;13;10;16;20;13;5;4;2;7;14;10;7;11;25;11;32;20;5;34;30;27;6;27;24;26;25;21;12;32;34;24;13;18;20;3;4;17;20;8;9;5;32;18;10;27;33;11;31;27;27;18;31;6;3;33;;;;;;;;;;;;;;;;;;;;;;;;;;;;;;;;;;;;;;;;;;;;;;;;;;;;;;;;;;;;;;;;;;;;;;;;;;;;;;;;;;;;;;;;;;;;;;;;;;;;;;;;;;;;;;;;;;;;;;;;;;;;;;;;;;;;;;;;;;;;;;;;;;;;;;;;;;;;;;;;;;;;;;;;;;;;;;;;;;;;;;;;;;;;;;;;;;;;;;;;;;;;;;;;;;;;;;;;;;;;;;;;;;;;;;;;;;;;;;;;;;;;;;;;;;;;;;;;;;;;;;;;;;;;;;;;;;;;;;;;;;;;;;;;;;;;;;;;;;;;;;;;;;;;;;;;;;;;;;;;;;;;;;;;;;;;;;;;;;;;;;;;;;;;;;;;;;;;;;;;;;;;;;;;;;;;;;;;;;;;;;;;;;;;;;;;;;;;;;;;;;;;;;;;;;;;;;;;;;;;;;;;;;;;;;;;;;;;;;;;;;;;;;;;;;;;;;;;;;;;;;;;;;;;;;;;;;;;;;;;;;;;;;;;;;;;;;;;;;;;;;;;;;;;;;;;;;;;;;;;;;;;;;;;;;;;;;;;;;;;;;;;;;;;;;;;;;;;;;;;;;;;;;;;;;;;;;;;;;;;;;;;;;;;;;;;;;;;;;;;;;;;;;;;;;;;;;;;;;;;;;;;;;;;;;;;;;;;;;;;;;;;;;;;;;;;;;;;;;;;;;;;;;;;;;;;;;;;;;;;;;;;;;;;;;;;;;;;;;
308;0;17;18;26;33;2;5;28;33;9;11;30;15;10;29;9;14;22;19;3;1;30;26;29;19;28;12;16;27;5;11;5;16;34;5;14;14;31;7;18;9;1;26;3;10;17;17;4;34;26;33;4;25;10;19;32;10;25;6;11;33;15;18;10;4;15;22;16;27;13;21;27;32;15;2;25;18;30;16;13;3;16;22;27;29;8;21;28;9;12;29;20;18;23;18;34;26;2;6;19;28;3;24;26;27;30;7;19;28;13;7;17;3;8;30;23;30;29;30;11;17;21;10;32;1;29;22;9;25;15;29;34;10;16;8;24;22;29;28;34;33;31;6;2;17;12;31;28;15;20;21;31;1;17;23;16;32;33;29;16;31;3;23;10;9;24;27;31;8;30;29;11;3;27;29;16;6;5;13;26;11;2;24;26;7;20;14;18;1;22;9;19;15;21;4;13;22;27;13;1;25;18;23;6;15;31;30;11;22;3;28;10;12;33;19;30;7;26;34;3;9;5;9;11;3;31;9;32;26;6;24;27;5;5;13;3;15;17;23;20;16;8;20;16;29;24;25;20;13;10;16;20;13;5;4;2;7;14;10;7;11;25;11;32;20;5;34;30;27;6;27;24;26;25;21;12;32;34;24;13;18;20;3;4;17;20;8;9;5;32;18;10;27;33;11;31;27;27;18;31;6;3;33;17;14;25;11;22;;;;;;;;;;;;;;;;;;;;;;;;;;;;;;;;;;;;;;;;;;;;;;;;;;;;;;;;;;;;;;;;;;;;;;;;;;;;;;;;;;;;;;;;;;;;;;;;;;;;;;;;;;;;;;;;;;;;;;;;;;;;;;;;;;;;;;;;;;;;;;;;;;;;;;;;;;;;;;;;;;;;;;;;;;;;;;;;;;;;;;;;;;;;;;;;;;;;;;;;;;;;;;;;;;;;;;;;;;;;;;;;;;;;;;;;;;;;;;;;;;;;;;;;;;;;;;;;;;;;;;;;;;;;;;;;;;;;;;;;;;;;;;;;;;;;;;;;;;;;;;;;;;;;;;;;;;;;;;;;;;;;;;;;;;;;;;;;;;;;;;;;;;;;;;;;;;;;;;;;;;;;;;;;;;;;;;;;;;;;;;;;;;;;;;;;;;;;;;;;;;;;;;;;;;;;;;;;;;;;;;;;;;;;;;;;;;;;;;;;;;;;;;;;;;;;;;;;;;;;;;;;;;;;;;;;;;;;;;;;;;;;;;;;;;;;;;;;;;;;;;;;;;;;;;;;;;;;;;;;;;;;;;;;;;;;;;;;;;;;;;;;;;;;;;;;;;;;;;;;;;;;;;;;;;;;;;;;;;;;;;;;;;;;;;;;;;;;;;;;;;;;;;;;;;;;;;;;;;;;;;;;;;;;;;;;;;;;;;;;;;;;;;;;;;;;;;;;;;;;;;;;;;;;;;;;;;;;;;;;;;;;;;;;;;;;;
313;0;17;18;26;33;2;5;28;33;9;11;30;15;10;29;9;14;22;19;3;1;30;26;29;19;28;12;16;27;5;11;5;16;34;5;14;14;31;7;18;9;1;26;3;10;17;17;4;34;26;33;4;25;10;19;32;10;25;6;11;33;15;18;10;4;15;22;16;27;13;21;27;32;15;2;25;18;30;16;13;3;16;22;27;29;8;21;28;9;12;29;20;18;23;18;34;26;2;6;19;28;3;24;26;27;30;7;19;28;13;7;17;3;8;30;23;30;29;30;11;17;21;10;32;1;29;22;9;25;15;29;34;10;16;8;24;22;29;28;34;33;31;6;2;17;12;31;28;15;20;21;31;1;17;23;16;32;33;29;16;31;3;23;10;9;24;27;31;8;30;29;11;3;27;29;16;6;5;13;26;11;2;24;26;7;20;14;18;1;22;9;19;15;21;4;13;22;27;13;1;25;18;23;6;15;31;30;11;22;3;28;10;12;33;19;30;7;26;34;3;9;5;9;11;3;31;9;32;26;6;24;27;5;5;13;3;15;17;23;20;16;8;20;16;29;24;25;20;13;10;16;20;13;5;4;2;7;14;10;7;11;25;11;32;20;5;34;30;27;6;27;24;26;25;21;12;32;34;24;13;18;20;3;4;17;20;8;9;5;32;18;10;27;33;11;31;27;27;18;31;6;3;33;17;14;25;11;22;29;28;5;33;25;;;;;;;;;;;;;;;;;;;;;;;;;;;;;;;;;;;;;;;;;;;;;;;;;;;;;;;;;;;;;;;;;;;;;;;;;;;;;;;;;;;;;;;;;;;;;;;;;;;;;;;;;;;;;;;;;;;;;;;;;;;;;;;;;;;;;;;;;;;;;;;;;;;;;;;;;;;;;;;;;;;;;;;;;;;;;;;;;;;;;;;;;;;;;;;;;;;;;;;;;;;;;;;;;;;;;;;;;;;;;;;;;;;;;;;;;;;;;;;;;;;;;;;;;;;;;;;;;;;;;;;;;;;;;;;;;;;;;;;;;;;;;;;;;;;;;;;;;;;;;;;;;;;;;;;;;;;;;;;;;;;;;;;;;;;;;;;;;;;;;;;;;;;;;;;;;;;;;;;;;;;;;;;;;;;;;;;;;;;;;;;;;;;;;;;;;;;;;;;;;;;;;;;;;;;;;;;;;;;;;;;;;;;;;;;;;;;;;;;;;;;;;;;;;;;;;;;;;;;;;;;;;;;;;;;;;;;;;;;;;;;;;;;;;;;;;;;;;;;;;;;;;;;;;;;;;;;;;;;;;;;;;;;;;;;;;;;;;;;;;;;;;;;;;;;;;;;;;;;;;;;;;;;;;;;;;;;;;;;;;;;;;;;;;;;;;;;;;;;;;;;;;;;;;;;;;;;;;;;;;;;;;;;;;;;;;;;;;;;;;;;;;;;;;;;;;;;;;;;;;;;;;;;;;;;;;;;;;;;;;;;;;;;;
317;0;17;18;26;33;2;5;28;33;9;11;30;15;10;29;9;14;22;19;3;1;30;26;29;19;28;12;16;27;5;11;5;16;34;5;14;14;31;7;18;9;1;26;3;10;17;17;4;34;26;33;4;25;10;19;32;10;25;6;11;33;15;18;10;4;15;22;16;27;13;21;27;32;15;2;25;18;30;16;13;3;16;22;27;29;8;21;28;9;12;29;20;18;23;18;34;26;2;6;19;28;3;24;26;27;30;7;19;28;13;7;17;3;8;30;23;30;29;30;11;17;21;10;32;1;29;22;9;25;15;29;34;10;16;8;24;22;29;28;34;33;31;6;2;17;12;31;28;15;20;21;31;1;17;23;16;32;33;29;16;31;3;23;10;9;24;27;31;8;30;29;11;3;27;29;16;6;5;13;26;11;2;24;26;7;20;14;18;1;22;9;19;15;21;4;13;22;27;13;1;25;18;23;6;15;31;30;11;22;3;28;10;12;33;19;30;7;26;34;3;9;5;9;11;3;31;9;32;26;6;24;27;5;5;13;3;15;17;23;20;16;8;20;16;29;24;25;20;13;10;16;20;13;5;4;2;7;14;10;7;11;25;11;32;20;5;34;30;27;6;27;24;26;25;21;12;32;34;24;13;18;20;3;4;17;20;8;9;5;32;18;10;27;33;11;31;27;27;18;31;6;3;33;17;14;25;11;22;29;28;5;33;25;24;7;32;14;;;;;;;;;;;;;;;;;;;;;;;;;;;;;;;;;;;;;;;;;;;;;;;;;;;;;;;;;;;;;;;;;;;;;;;;;;;;;;;;;;;;;;;;;;;;;;;;;;;;;;;;;;;;;;;;;;;;;;;;;;;;;;;;;;;;;;;;;;;;;;;;;;;;;;;;;;;;;;;;;;;;;;;;;;;;;;;;;;;;;;;;;;;;;;;;;;;;;;;;;;;;;;;;;;;;;;;;;;;;;;;;;;;;;;;;;;;;;;;;;;;;;;;;;;;;;;;;;;;;;;;;;;;;;;;;;;;;;;;;;;;;;;;;;;;;;;;;;;;;;;;;;;;;;;;;;;;;;;;;;;;;;;;;;;;;;;;;;;;;;;;;;;;;;;;;;;;;;;;;;;;;;;;;;;;;;;;;;;;;;;;;;;;;;;;;;;;;;;;;;;;;;;;;;;;;;;;;;;;;;;;;;;;;;;;;;;;;;;;;;;;;;;;;;;;;;;;;;;;;;;;;;;;;;;;;;;;;;;;;;;;;;;;;;;;;;;;;;;;;;;;;;;;;;;;;;;;;;;;;;;;;;;;;;;;;;;;;;;;;;;;;;;;;;;;;;;;;;;;;;;;;;;;;;;;;;;;;;;;;;;;;;;;;;;;;;;;;;;;;;;;;;;;;;;;;;;;;;;;;;;;;;;;;;;;;;;;;;;;;;;;;;;;;;;;;;;;;;;;;;;;;;;;;;;;;;;;;;;;;;;;;
322;0;17;18;26;33;2;5;28;33;9;11;30;15;10;29;9;14;22;19;3;1;30;26;29;19;28;12;16;27;5;11;5;16;34;5;14;14;31;7;18;9;1;26;3;10;17;17;4;34;26;33;4;25;10;19;32;10;25;6;11;33;15;18;10;4;15;22;16;27;13;21;27;32;15;2;25;18;30;16;13;3;16;22;27;29;8;21;28;9;12;29;20;18;23;18;34;26;2;6;19;28;3;24;26;27;30;7;19;28;13;7;17;3;8;30;23;30;29;30;11;17;21;10;32;1;29;22;9;25;15;29;34;10;16;8;24;22;29;28;34;33;31;6;2;17;12;31;28;15;20;21;31;1;17;23;16;32;33;29;16;31;3;23;10;9;24;27;31;8;30;29;11;3;27;29;16;6;5;13;26;11;2;24;26;7;20;14;18;1;22;9;19;15;21;4;13;22;27;13;1;25;18;23;6;15;31;30;11;22;3;28;10;12;33;19;30;7;26;34;3;9;5;9;11;3;31;9;32;26;6;24;27;5;5;13;3;15;17;23;20;16;8;20;16;29;24;25;20;13;10;16;20;13;5;4;2;7;14;10;7;11;25;11;32;20;5;34;30;27;6;27;24;26;25;21;12;32;34;24;13;18;20;3;4;17;20;8;9;5;32;18;10;27;33;11;31;27;27;18;31;6;3;33;17;14;25;11;22;29;28;5;33;25;24;7;32;14;33;8;4;29;20;;;;;;;;;;;;;;;;;;;;;;;;;;;;;;;;;;;;;;;;;;;;;;;;;;;;;;;;;;;;;;;;;;;;;;;;;;;;;;;;;;;;;;;;;;;;;;;;;;;;;;;;;;;;;;;;;;;;;;;;;;;;;;;;;;;;;;;;;;;;;;;;;;;;;;;;;;;;;;;;;;;;;;;;;;;;;;;;;;;;;;;;;;;;;;;;;;;;;;;;;;;;;;;;;;;;;;;;;;;;;;;;;;;;;;;;;;;;;;;;;;;;;;;;;;;;;;;;;;;;;;;;;;;;;;;;;;;;;;;;;;;;;;;;;;;;;;;;;;;;;;;;;;;;;;;;;;;;;;;;;;;;;;;;;;;;;;;;;;;;;;;;;;;;;;;;;;;;;;;;;;;;;;;;;;;;;;;;;;;;;;;;;;;;;;;;;;;;;;;;;;;;;;;;;;;;;;;;;;;;;;;;;;;;;;;;;;;;;;;;;;;;;;;;;;;;;;;;;;;;;;;;;;;;;;;;;;;;;;;;;;;;;;;;;;;;;;;;;;;;;;;;;;;;;;;;;;;;;;;;;;;;;;;;;;;;;;;;;;;;;;;;;;;;;;;;;;;;;;;;;;;;;;;;;;;;;;;;;;;;;;;;;;;;;;;;;;;;;;;;;;;;;;;;;;;;;;;;;;;;;;;;;;;;;;;;;;;;;;;;;;;;;;;;;;;;;;;;;;;;;;;;;;;;;;;;;;;;;;;
327;0;17;18;26;33;2;5;28;33;9;11;30;15;10;29;9;14;22;19;3;1;30;26;29;19;28;12;16;27;5;11;5;16;34;5;14;14;31;7;18;9;1;26;3;10;17;17;4;34;26;33;4;25;10;19;32;10;25;6;11;33;15;18;10;4;15;22;16;27;13;21;27;32;15;2;25;18;30;16;13;3;16;22;27;29;8;21;28;9;12;29;20;18;23;18;34;26;2;6;19;28;3;24;26;27;30;7;19;28;13;7;17;3;8;30;23;30;29;30;11;17;21;10;32;1;29;22;9;25;15;29;34;10;16;8;24;22;29;28;34;33;31;6;2;17;12;31;28;15;20;21;31;1;17;23;16;32;33;29;16;31;3;23;10;9;24;27;31;8;30;29;11;3;27;29;16;6;5;13;26;11;2;24;26;7;20;14;18;1;22;9;19;15;21;4;13;22;27;13;1;25;18;23;6;15;31;30;11;22;3;28;10;12;33;19;30;7;26;34;3;9;5;9;11;3;31;9;32;26;6;24;27;5;5;13;3;15;17;23;20;16;8;20;16;29;24;25;20;13;10;16;20;13;5;4;2;7;14;10;7;11;25;11;32;20;5;34;30;27;6;27;24;26;25;21;12;32;34;24;13;18;20;3;4;17;20;8;9;5;32;18;10;27;33;11;31;27;27;18;31;6;3;33;17;14;25;11;22;29;28;5;33;25;24;7;32;14;33;8;4;29;20;14;34;34;1;22;;;;;;;;;;;;;;;;;;;;;;;;;;;;;;;;;;;;;;;;;;;;;;;;;;;;;;;;;;;;;;;;;;;;;;;;;;;;;;;;;;;;;;;;;;;;;;;;;;;;;;;;;;;;;;;;;;;;;;;;;;;;;;;;;;;;;;;;;;;;;;;;;;;;;;;;;;;;;;;;;;;;;;;;;;;;;;;;;;;;;;;;;;;;;;;;;;;;;;;;;;;;;;;;;;;;;;;;;;;;;;;;;;;;;;;;;;;;;;;;;;;;;;;;;;;;;;;;;;;;;;;;;;;;;;;;;;;;;;;;;;;;;;;;;;;;;;;;;;;;;;;;;;;;;;;;;;;;;;;;;;;;;;;;;;;;;;;;;;;;;;;;;;;;;;;;;;;;;;;;;;;;;;;;;;;;;;;;;;;;;;;;;;;;;;;;;;;;;;;;;;;;;;;;;;;;;;;;;;;;;;;;;;;;;;;;;;;;;;;;;;;;;;;;;;;;;;;;;;;;;;;;;;;;;;;;;;;;;;;;;;;;;;;;;;;;;;;;;;;;;;;;;;;;;;;;;;;;;;;;;;;;;;;;;;;;;;;;;;;;;;;;;;;;;;;;;;;;;;;;;;;;;;;;;;;;;;;;;;;;;;;;;;;;;;;;;;;;;;;;;;;;;;;;;;;;;;;;;;;;;;;;;;;;;;;;;;;;;;;;;;;;;;;;;;;;;;;;;;;;;;;;;;;;;;;;;;
331;0;17;18;26;33;2;5;28;33;9;11;30;15;10;29;9;14;22;19;3;1;30;26;29;19;28;12;16;27;5;11;5;16;34;5;14;14;31;7;18;9;1;26;3;10;17;17;4;34;26;33;4;25;10;19;32;10;25;6;11;33;15;18;10;4;15;22;16;27;13;21;27;32;15;2;25;18;30;16;13;3;16;22;27;29;8;21;28;9;12;29;20;18;23;18;34;26;2;6;19;28;3;24;26;27;30;7;19;28;13;7;17;3;8;30;23;30;29;30;11;17;21;10;32;1;29;22;9;25;15;29;34;10;16;8;24;22;29;28;34;33;31;6;2;17;12;31;28;15;20;21;31;1;17;23;16;32;33;29;16;31;3;23;10;9;24;27;31;8;30;29;11;3;27;29;16;6;5;13;26;11;2;24;26;7;20;14;18;1;22;9;19;15;21;4;13;22;27;13;1;25;18;23;6;15;31;30;11;22;3;28;10;12;33;19;30;7;26;34;3;9;5;9;11;3;31;9;32;26;6;24;27;5;5;13;3;15;17;23;20;16;8;20;16;29;24;25;20;13;10;16;20;13;5;4;2;7;14;10;7;11;25;11;32;20;5;34;30;27;6;27;24;26;25;21;12;32;34;24;13;18;20;3;4;17;20;8;9;5;32;18;10;27;33;11;31;27;27;18;31;6;3;33;17;14;25;11;22;29;28;5;33;25;24;7;32;14;33;8;4;29;20;14;34;34;1;22;28;24;21;18;;;;;;;;;;;;;;;;;;;;;;;;;;;;;;;;;;;;;;;;;;;;;;;;;;;;;;;;;;;;;;;;;;;;;;;;;;;;;;;;;;;;;;;;;;;;;;;;;;;;;;;;;;;;;;;;;;;;;;;;;;;;;;;;;;;;;;;;;;;;;;;;;;;;;;;;;;;;;;;;;;;;;;;;;;;;;;;;;;;;;;;;;;;;;;;;;;;;;;;;;;;;;;;;;;;;;;;;;;;;;;;;;;;;;;;;;;;;;;;;;;;;;;;;;;;;;;;;;;;;;;;;;;;;;;;;;;;;;;;;;;;;;;;;;;;;;;;;;;;;;;;;;;;;;;;;;;;;;;;;;;;;;;;;;;;;;;;;;;;;;;;;;;;;;;;;;;;;;;;;;;;;;;;;;;;;;;;;;;;;;;;;;;;;;;;;;;;;;;;;;;;;;;;;;;;;;;;;;;;;;;;;;;;;;;;;;;;;;;;;;;;;;;;;;;;;;;;;;;;;;;;;;;;;;;;;;;;;;;;;;;;;;;;;;;;;;;;;;;;;;;;;;;;;;;;;;;;;;;;;;;;;;;;;;;;;;;;;;;;;;;;;;;;;;;;;;;;;;;;;;;;;;;;;;;;;;;;;;;;;;;;;;;;;;;;;;;;;;;;;;;;;;;;;;;;;;;;;;;;;;;;;;;;;;;;;;;;;;;;;;;;;;;;;;;;;;;;;;;;;;;;;;;;;;;
336;0;17;18;26;33;2;5;28;33;9;11;30;15;10;29;9;14;22;19;3;1;30;26;29;19;28;12;16;27;5;11;5;16;34;5;14;14;31;7;18;9;1;26;3;10;17;17;4;34;26;33;4;25;10;19;32;10;25;6;11;33;15;18;10;4;15;22;16;27;13;21;27;32;15;2;25;18;30;16;13;3;16;22;27;29;8;21;28;9;12;29;20;18;23;18;34;26;2;6;19;28;3;24;26;27;30;7;19;28;13;7;17;3;8;30;23;30;29;30;11;17;21;10;32;1;29;22;9;25;15;29;34;10;16;8;24;22;29;28;34;33;31;6;2;17;12;31;28;15;20;21;31;1;17;23;16;32;33;29;16;31;3;23;10;9;24;27;31;8;30;29;11;3;27;29;16;6;5;13;26;11;2;24;26;7;20;14;18;1;22;9;19;15;21;4;13;22;27;13;1;25;18;23;6;15;31;30;11;22;3;28;10;12;33;19;30;7;26;34;3;9;5;9;11;3;31;9;32;26;6;24;27;5;5;13;3;15;17;23;20;16;8;20;16;29;24;25;20;13;10;16;20;13;5;4;2;7;14;10;7;11;25;11;32;20;5;34;30;27;6;27;24;26;25;21;12;32;34;24;13;18;20;3;4;17;20;8;9;5;32;18;10;27;33;11;31;27;27;18;31;6;3;33;17;14;25;11;22;29;28;5;33;25;24;7;32;14;33;8;4;29;20;14;34;34;1;22;28;24;21;18;19;11;5;14;24;;;;;;;;;;;;;;;;;;;;;;;;;;;;;;;;;;;;;;;;;;;;;;;;;;;;;;;;;;;;;;;;;;;;;;;;;;;;;;;;;;;;;;;;;;;;;;;;;;;;;;;;;;;;;;;;;;;;;;;;;;;;;;;;;;;;;;;;;;;;;;;;;;;;;;;;;;;;;;;;;;;;;;;;;;;;;;;;;;;;;;;;;;;;;;;;;;;;;;;;;;;;;;;;;;;;;;;;;;;;;;;;;;;;;;;;;;;;;;;;;;;;;;;;;;;;;;;;;;;;;;;;;;;;;;;;;;;;;;;;;;;;;;;;;;;;;;;;;;;;;;;;;;;;;;;;;;;;;;;;;;;;;;;;;;;;;;;;;;;;;;;;;;;;;;;;;;;;;;;;;;;;;;;;;;;;;;;;;;;;;;;;;;;;;;;;;;;;;;;;;;;;;;;;;;;;;;;;;;;;;;;;;;;;;;;;;;;;;;;;;;;;;;;;;;;;;;;;;;;;;;;;;;;;;;;;;;;;;;;;;;;;;;;;;;;;;;;;;;;;;;;;;;;;;;;;;;;;;;;;;;;;;;;;;;;;;;;;;;;;;;;;;;;;;;;;;;;;;;;;;;;;;;;;;;;;;;;;;;;;;;;;;;;;;;;;;;;;;;;;;;;;;;;;;;;;;;;;;;;;;;;;;;;;;;;;;;;;;;;;;;;;;;;;;;;;;;;;;;;;;;;;;
344;0;17;18;26;33;2;5;28;33;9;11;30;15;10;29;9;14;22;19;3;1;30;26;29;19;28;12;16;27;5;11;5;16;34;5;14;14;31;7;18;9;1;26;3;10;17;17;4;34;26;33;4;25;10;19;32;10;25;6;11;33;15;18;10;4;15;22;16;27;13;21;27;32;15;2;25;18;30;16;13;3;16;22;27;29;8;21;28;9;12;29;20;18;23;18;34;26;2;6;19;28;3;24;26;27;30;7;19;28;13;7;17;3;8;30;23;30;29;30;11;17;21;10;32;1;29;22;9;25;15;29;34;10;16;8;24;22;29;28;34;33;31;6;2;17;12;31;28;15;20;21;31;1;17;23;16;32;33;29;16;31;3;23;10;9;24;27;31;8;30;29;11;3;27;29;16;6;5;13;26;11;2;24;26;7;20;14;18;1;22;9;19;15;21;4;13;22;27;13;1;25;18;23;6;15;31;30;11;22;3;28;10;12;33;19;30;7;26;34;3;9;5;9;11;3;31;9;32;26;6;24;27;5;5;13;3;15;17;23;20;16;8;20;16;29;24;25;20;13;10;16;20;13;5;4;2;7;14;10;7;11;25;11;32;20;5;34;30;27;6;27;24;26;25;21;12;32;34;24;13;18;20;3;4;17;20;8;9;5;32;18;10;27;33;11;31;27;27;18;31;6;3;33;17;14;25;11;22;29;28;5;33;25;24;7;32;14;33;8;4;29;20;14;34;34;1;22;28;24;21;18;19;11;5;14;24;32;33;7;2;34;23;26;28;;;;;;;;;;;;;;;;;;;;;;;;;;;;;;;;;;;;;;;;;;;;;;;;;;;;;;;;;;;;;;;;;;;;;;;;;;;;;;;;;;;;;;;;;;;;;;;;;;;;;;;;;;;;;;;;;;;;;;;;;;;;;;;;;;;;;;;;;;;;;;;;;;;;;;;;;;;;;;;;;;;;;;;;;;;;;;;;;;;;;;;;;;;;;;;;;;;;;;;;;;;;;;;;;;;;;;;;;;;;;;;;;;;;;;;;;;;;;;;;;;;;;;;;;;;;;;;;;;;;;;;;;;;;;;;;;;;;;;;;;;;;;;;;;;;;;;;;;;;;;;;;;;;;;;;;;;;;;;;;;;;;;;;;;;;;;;;;;;;;;;;;;;;;;;;;;;;;;;;;;;;;;;;;;;;;;;;;;;;;;;;;;;;;;;;;;;;;;;;;;;;;;;;;;;;;;;;;;;;;;;;;;;;;;;;;;;;;;;;;;;;;;;;;;;;;;;;;;;;;;;;;;;;;;;;;;;;;;;;;;;;;;;;;;;;;;;;;;;;;;;;;;;;;;;;;;;;;;;;;;;;;;;;;;;;;;;;;;;;;;;;;;;;;;;;;;;;;;;;;;;;;;;;;;;;;;;;;;;;;;;;;;;;;;;;;;;;;;;;;;;;;;;;;;;;;;;;;;;;;;;;;;;;;;;;;;;;;;;;;;;;;;;;;;;;;;;;;;
351;0;17;18;26;33;2;5;28;33;9;11;30;15;10;29;9;14;22;19;3;1;30;26;29;19;28;12;16;27;5;11;5;16;34;5;14;14;31;7;18;9;1;26;3;10;17;17;4;34;26;33;4;25;10;19;32;10;25;6;11;33;15;18;10;4;15;22;16;27;13;21;27;32;15;2;25;18;30;16;13;3;16;22;27;29;8;21;28;9;12;29;20;18;23;18;34;26;2;6;19;28;3;24;26;27;30;7;19;28;13;7;17;3;8;30;23;30;29;30;11;17;21;10;32;1;29;22;9;25;15;29;34;10;16;8;24;22;29;28;34;33;31;6;2;17;12;31;28;15;20;21;31;1;17;23;16;32;33;29;16;31;3;23;10;9;24;27;31;8;30;29;11;3;27;29;16;6;5;13;26;11;2;24;26;7;20;14;18;1;22;9;19;15;21;4;13;22;27;13;1;25;18;23;6;15;31;30;11;22;3;28;10;12;33;19;30;7;26;34;3;9;5;9;11;3;31;9;32;26;6;24;27;5;5;13;3;15;17;23;20;16;8;20;16;29;24;25;20;13;10;16;20;13;5;4;2;7;14;10;7;11;25;11;32;20;5;34;30;27;6;27;24;26;25;21;12;32;34;24;13;18;20;3;4;17;20;8;9;5;32;18;10;27;33;11;31;27;27;18;31;6;3;33;17;14;25;11;22;29;28;5;33;25;24;7;32;14;33;8;4;29;20;14;34;34;1;22;28;24;21;18;19;11;5;14;24;32;33;7;2;34;23;26;28;13;30;22;22;13;12;13;;;;;;;;;;;;;;;;;;;;;;;;;;;;;;;;;;;;;;;;;;;;;;;;;;;;;;;;;;;;;;;;;;;;;;;;;;;;;;;;;;;;;;;;;;;;;;;;;;;;;;;;;;;;;;;;;;;;;;;;;;;;;;;;;;;;;;;;;;;;;;;;;;;;;;;;;;;;;;;;;;;;;;;;;;;;;;;;;;;;;;;;;;;;;;;;;;;;;;;;;;;;;;;;;;;;;;;;;;;;;;;;;;;;;;;;;;;;;;;;;;;;;;;;;;;;;;;;;;;;;;;;;;;;;;;;;;;;;;;;;;;;;;;;;;;;;;;;;;;;;;;;;;;;;;;;;;;;;;;;;;;;;;;;;;;;;;;;;;;;;;;;;;;;;;;;;;;;;;;;;;;;;;;;;;;;;;;;;;;;;;;;;;;;;;;;;;;;;;;;;;;;;;;;;;;;;;;;;;;;;;;;;;;;;;;;;;;;;;;;;;;;;;;;;;;;;;;;;;;;;;;;;;;;;;;;;;;;;;;;;;;;;;;;;;;;;;;;;;;;;;;;;;;;;;;;;;;;;;;;;;;;;;;;;;;;;;;;;;;;;;;;;;;;;;;;;;;;;;;;;;;;;;;;;;;;;;;;;;;;;;;;;;;;;;;;;;;;;;;;;;;;;;;;;;;;;;;;;;;;;;;;;;;;;;;;;;;;;;;;;;;;;;;;;;
359;0;17;18;26;33;2;5;28;33;9;11;30;15;10;29;9;14;22;19;3;1;30;26;29;19;28;12;16;27;5;11;5;16;34;5;14;14;31;7;18;9;1;26;3;10;17;17;4;34;26;33;4;25;10;19;32;10;25;6;11;33;15;18;10;4;15;22;16;27;13;21;27;32;15;2;25;18;30;16;13;3;16;22;27;29;8;21;28;9;12;29;20;18;23;18;34;26;2;6;19;28;3;24;26;27;30;7;19;28;13;7;17;3;8;30;23;30;29;30;11;17;21;10;32;1;29;22;9;25;15;29;34;10;16;8;24;22;29;28;34;33;31;6;2;17;12;31;28;15;20;21;31;1;17;23;16;32;33;29;16;31;3;23;10;9;24;27;31;8;30;29;11;3;27;29;16;6;5;13;26;11;2;24;26;7;20;14;18;1;22;9;19;15;21;4;13;22;27;13;1;25;18;23;6;15;31;30;11;22;3;28;10;12;33;19;30;7;26;34;3;9;5;9;11;3;31;9;32;26;6;24;27;5;5;13;3;15;17;23;20;16;8;20;16;29;24;25;20;13;10;16;20;13;5;4;2;7;14;10;7;11;25;11;32;20;5;34;30;27;6;27;24;26;25;21;12;32;34;24;13;18;20;3;4;17;20;8;9;5;32;18;10;27;33;11;31;27;27;18;31;6;3;33;17;14;25;11;22;29;28;5;33;25;24;7;32;14;33;8;4;29;20;14;34;34;1;22;28;24;21;18;19;11;5;14;24;32;33;7;2;34;23;26;28;13;30;22;22;13;12;13;25;18;1;1;7;17;21;34;;;;;;;;;;;;;;;;;;;;;;;;;;;;;;;;;;;;;;;;;;;;;;;;;;;;;;;;;;;;;;;;;;;;;;;;;;;;;;;;;;;;;;;;;;;;;;;;;;;;;;;;;;;;;;;;;;;;;;;;;;;;;;;;;;;;;;;;;;;;;;;;;;;;;;;;;;;;;;;;;;;;;;;;;;;;;;;;;;;;;;;;;;;;;;;;;;;;;;;;;;;;;;;;;;;;;;;;;;;;;;;;;;;;;;;;;;;;;;;;;;;;;;;;;;;;;;;;;;;;;;;;;;;;;;;;;;;;;;;;;;;;;;;;;;;;;;;;;;;;;;;;;;;;;;;;;;;;;;;;;;;;;;;;;;;;;;;;;;;;;;;;;;;;;;;;;;;;;;;;;;;;;;;;;;;;;;;;;;;;;;;;;;;;;;;;;;;;;;;;;;;;;;;;;;;;;;;;;;;;;;;;;;;;;;;;;;;;;;;;;;;;;;;;;;;;;;;;;;;;;;;;;;;;;;;;;;;;;;;;;;;;;;;;;;;;;;;;;;;;;;;;;;;;;;;;;;;;;;;;;;;;;;;;;;;;;;;;;;;;;;;;;;;;;;;;;;;;;;;;;;;;;;;;;;;;;;;;;;;;;;;;;;;;;;;;;;;;;;;;;;;;;;;;;;;;;;;;;;;;;;;;;;;;;;;;;;;;;;;;;;
367;0;17;18;26;33;2;5;28;33;9;11;30;15;10;29;9;14;22;19;3;1;30;26;29;19;28;12;16;27;5;11;5;16;34;5;14;14;31;7;18;9;1;26;3;10;17;17;4;34;26;33;4;25;10;19;32;10;25;6;11;33;15;18;10;4;15;22;16;27;13;21;27;32;15;2;25;18;30;16;13;3;16;22;27;29;8;21;28;9;12;29;20;18;23;18;34;26;2;6;19;28;3;24;26;27;30;7;19;28;13;7;17;3;8;30;23;30;29;30;11;17;21;10;32;1;29;22;9;25;15;29;34;10;16;8;24;22;29;28;34;33;31;6;2;17;12;31;28;15;20;21;31;1;17;23;16;32;33;29;16;31;3;23;10;9;24;27;31;8;30;29;11;3;27;29;16;6;5;13;26;11;2;24;26;7;20;14;18;1;22;9;19;15;21;4;13;22;27;13;1;25;18;23;6;15;31;30;11;22;3;28;10;12;33;19;30;7;26;34;3;9;5;9;11;3;31;9;32;26;6;24;27;5;5;13;3;15;17;23;20;16;8;20;16;29;24;25;20;13;10;16;20;13;5;4;2;7;14;10;7;11;25;11;32;20;5;34;30;27;6;27;24;26;25;21;12;32;34;24;13;18;20;3;4;17;20;8;9;5;32;18;10;27;33;11;31;27;27;18;31;6;3;33;17;14;25;11;22;29;28;5;33;25;24;7;32;14;33;8;4;29;20;14;34;34;1;22;28;24;21;18;19;11;5;14;24;32;33;7;2;34;23;26;28;13;30;22;22;13;12;13;25;18;1;1;7;17;21;34;27;10;18;26;31;16;25;8;;;;;;;;;;;;;;;;;;;;;;;;;;;;;;;;;;;;;;;;;;;;;;;;;;;;;;;;;;;;;;;;;;;;;;;;;;;;;;;;;;;;;;;;;;;;;;;;;;;;;;;;;;;;;;;;;;;;;;;;;;;;;;;;;;;;;;;;;;;;;;;;;;;;;;;;;;;;;;;;;;;;;;;;;;;;;;;;;;;;;;;;;;;;;;;;;;;;;;;;;;;;;;;;;;;;;;;;;;;;;;;;;;;;;;;;;;;;;;;;;;;;;;;;;;;;;;;;;;;;;;;;;;;;;;;;;;;;;;;;;;;;;;;;;;;;;;;;;;;;;;;;;;;;;;;;;;;;;;;;;;;;;;;;;;;;;;;;;;;;;;;;;;;;;;;;;;;;;;;;;;;;;;;;;;;;;;;;;;;;;;;;;;;;;;;;;;;;;;;;;;;;;;;;;;;;;;;;;;;;;;;;;;;;;;;;;;;;;;;;;;;;;;;;;;;;;;;;;;;;;;;;;;;;;;;;;;;;;;;;;;;;;;;;;;;;;;;;;;;;;;;;;;;;;;;;;;;;;;;;;;;;;;;;;;;;;;;;;;;;;;;;;;;;;;;;;;;;;;;;;;;;;;;;;;;;;;;;;;;;;;;;;;;;;;;;;;;;;;;;;;;;;;;;;;;;;;;;;;;;;;;;;;;;;;;;;;
376;0;17;18;26;33;2;5;28;33;9;11;30;15;10;29;9;14;22;19;3;1;30;26;29;19;28;12;16;27;5;11;5;16;34;5;14;14;31;7;18;9;1;26;3;10;17;17;4;34;26;33;4;25;10;19;32;10;25;6;11;33;15;18;10;4;15;22;16;27;13;21;27;32;15;2;25;18;30;16;13;3;16;22;27;29;8;21;28;9;12;29;20;18;23;18;34;26;2;6;19;28;3;24;26;27;30;7;19;28;13;7;17;3;8;30;23;30;29;30;11;17;21;10;32;1;29;22;9;25;15;29;34;10;16;8;24;22;29;28;34;33;31;6;2;17;12;31;28;15;20;21;31;1;17;23;16;32;33;29;16;31;3;23;10;9;24;27;31;8;30;29;11;3;27;29;16;6;5;13;26;11;2;24;26;7;20;14;18;1;22;9;19;15;21;4;13;22;27;13;1;25;18;23;6;15;31;30;11;22;3;28;10;12;33;19;30;7;26;34;3;9;5;9;11;3;31;9;32;26;6;24;27;5;5;13;3;15;17;23;20;16;8;20;16;29;24;25;20;13;10;16;20;13;5;4;2;7;14;10;7;11;25;11;32;20;5;34;30;27;6;27;24;26;25;21;12;32;34;24;13;18;20;3;4;17;20;8;9;5;32;18;10;27;33;11;31;27;27;18;31;6;3;33;17;14;25;11;22;29;28;5;33;25;24;7;32;14;33;8;4;29;20;14;34;34;1;22;28;24;21;18;19;11;5;14;24;32;33;7;2;34;23;26;28;13;30;22;22;13;12;13;25;18;1;1;7;17;21;34;27;10;18;26;31;16;25;8;16;31;13;1;27;11;15;34;14;;;;;;;;;;;;;;;;;;;;;;;;;;;;;;;;;;;;;;;;;;;;;;;;;;;;;;;;;;;;;;;;;;;;;;;;;;;;;;;;;;;;;;;;;;;;;;;;;;;;;;;;;;;;;;;;;;;;;;;;;;;;;;;;;;;;;;;;;;;;;;;;;;;;;;;;;;;;;;;;;;;;;;;;;;;;;;;;;;;;;;;;;;;;;;;;;;;;;;;;;;;;;;;;;;;;;;;;;;;;;;;;;;;;;;;;;;;;;;;;;;;;;;;;;;;;;;;;;;;;;;;;;;;;;;;;;;;;;;;;;;;;;;;;;;;;;;;;;;;;;;;;;;;;;;;;;;;;;;;;;;;;;;;;;;;;;;;;;;;;;;;;;;;;;;;;;;;;;;;;;;;;;;;;;;;;;;;;;;;;;;;;;;;;;;;;;;;;;;;;;;;;;;;;;;;;;;;;;;;;;;;;;;;;;;;;;;;;;;;;;;;;;;;;;;;;;;;;;;;;;;;;;;;;;;;;;;;;;;;;;;;;;;;;;;;;;;;;;;;;;;;;;;;;;;;;;;;;;;;;;;;;;;;;;;;;;;;;;;;;;;;;;;;;;;;;;;;;;;;;;;;;;;;;;;;;;;;;;;;;;;;;;;;;;;;;;;;;;;;;;;;;;;;;;;;;;;;;;;;;;;;;;
384;0;17;18;26;33;2;5;28;33;9;11;30;15;10;29;9;14;22;19;3;1;30;26;29;19;28;12;16;27;5;11;5;16;34;5;14;14;31;7;18;9;1;26;3;10;17;17;4;34;26;33;4;25;10;19;32;10;25;6;11;33;15;18;10;4;15;22;16;27;13;21;27;32;15;2;25;18;30;16;13;3;16;22;27;29;8;21;28;9;12;29;20;18;23;18;34;26;2;6;19;28;3;24;26;27;30;7;19;28;13;7;17;3;8;30;23;30;29;30;11;17;21;10;32;1;29;22;9;25;15;29;34;10;16;8;24;22;29;28;34;33;31;6;2;17;12;31;28;15;20;21;31;1;17;23;16;32;33;29;16;31;3;23;10;9;24;27;31;8;30;29;11;3;27;29;16;6;5;13;26;11;2;24;26;7;20;14;18;1;22;9;19;15;21;4;13;22;27;13;1;25;18;23;6;15;31;30;11;22;3;28;10;12;33;19;30;7;26;34;3;9;5;9;11;3;31;9;32;26;6;24;27;5;5;13;3;15;17;23;20;16;8;20;16;29;24;25;20;13;10;16;20;13;5;4;2;7;14;10;7;11;25;11;32;20;5;34;30;27;6;27;24;26;25;21;12;32;34;24;13;18;20;3;4;17;20;8;9;5;32;18;10;27;33;11;31;27;27;18;31;6;3;33;17;14;25;11;22;29;28;5;33;25;24;7;32;14;33;8;4;29;20;14;34;34;1;22;28;24;21;18;19;11;5;14;24;32;33;7;2;34;23;26;28;13;30;22;22;13;12;13;25;18;1;1;7;17;21;34;27;10;18;26;31;16;25;8;16;31;13;1;27;11;15;34;14;9;8;29;8;21;9;28;25;;;;;;;;;;;;;;;;;;;;;;;;;;;;;;;;;;;;;;;;;;;;;;;;;;;;;;;;;;;;;;;;;;;;;;;;;;;;;;;;;;;;;;;;;;;;;;;;;;;;;;;;;;;;;;;;;;;;;;;;;;;;;;;;;;;;;;;;;;;;;;;;;;;;;;;;;;;;;;;;;;;;;;;;;;;;;;;;;;;;;;;;;;;;;;;;;;;;;;;;;;;;;;;;;;;;;;;;;;;;;;;;;;;;;;;;;;;;;;;;;;;;;;;;;;;;;;;;;;;;;;;;;;;;;;;;;;;;;;;;;;;;;;;;;;;;;;;;;;;;;;;;;;;;;;;;;;;;;;;;;;;;;;;;;;;;;;;;;;;;;;;;;;;;;;;;;;;;;;;;;;;;;;;;;;;;;;;;;;;;;;;;;;;;;;;;;;;;;;;;;;;;;;;;;;;;;;;;;;;;;;;;;;;;;;;;;;;;;;;;;;;;;;;;;;;;;;;;;;;;;;;;;;;;;;;;;;;;;;;;;;;;;;;;;;;;;;;;;;;;;;;;;;;;;;;;;;;;;;;;;;;;;;;;;;;;;;;;;;;;;;;;;;;;;;;;;;;;;;;;;;;;;;;;;;;;;;;;;;;;;;;;;;;;;;;;;;;;;;;;;;;;;;;;;;;;;;;;;
393;0;17;18;26;33;2;5;28;33;9;11;30;15;10;29;9;14;22;19;3;1;30;26;29;19;28;12;16;27;5;11;5;16;34;5;14;14;31;7;18;9;1;26;3;10;17;17;4;34;26;33;4;25;10;19;32;10;25;6;11;33;15;18;10;4;15;22;16;27;13;21;27;32;15;2;25;18;30;16;13;3;16;22;27;29;8;21;28;9;12;29;20;18;23;18;34;26;2;6;19;28;3;24;26;27;30;7;19;28;13;7;17;3;8;30;23;30;29;30;11;17;21;10;32;1;29;22;9;25;15;29;34;10;16;8;24;22;29;28;34;33;31;6;2;17;12;31;28;15;20;21;31;1;17;23;16;32;33;29;16;31;3;23;10;9;24;27;31;8;30;29;11;3;27;29;16;6;5;13;26;11;2;24;26;7;20;14;18;1;22;9;19;15;21;4;13;22;27;13;1;25;18;23;6;15;31;30;11;22;3;28;10;12;33;19;30;7;26;34;3;9;5;9;11;3;31;9;32;26;6;24;27;5;5;13;3;15;17;23;20;16;8;20;16;29;24;25;20;13;10;16;20;13;5;4;2;7;14;10;7;11;25;11;32;20;5;34;30;27;6;27;24;26;25;21;12;32;34;24;13;18;20;3;4;17;20;8;9;5;32;18;10;27;33;11;31;27;27;18;31;6;3;33;17;14;25;11;22;29;28;5;33;25;24;7;32;14;33;8;4;29;20;14;34;34;1;22;28;24;21;18;19;11;5;14;24;32;33;7;2;34;23;26;28;13;30;22;22;13;12;13;25;18;1;1;7;17;21;34;27;10;18;26;31;16;25;8;16;31;13;1;27;11;15;34;14;9;8;29;8;21;9;28;25;22;15;13;33;26;14;1;5;16;;;;;;;;;;;;;;;;;;;;;;;;;;;;;;;;;;;;;;;;;;;;;;;;;;;;;;;;;;;;;;;;;;;;;;;;;;;;;;;;;;;;;;;;;;;;;;;;;;;;;;;;;;;;;;;;;;;;;;;;;;;;;;;;;;;;;;;;;;;;;;;;;;;;;;;;;;;;;;;;;;;;;;;;;;;;;;;;;;;;;;;;;;;;;;;;;;;;;;;;;;;;;;;;;;;;;;;;;;;;;;;;;;;;;;;;;;;;;;;;;;;;;;;;;;;;;;;;;;;;;;;;;;;;;;;;;;;;;;;;;;;;;;;;;;;;;;;;;;;;;;;;;;;;;;;;;;;;;;;;;;;;;;;;;;;;;;;;;;;;;;;;;;;;;;;;;;;;;;;;;;;;;;;;;;;;;;;;;;;;;;;;;;;;;;;;;;;;;;;;;;;;;;;;;;;;;;;;;;;;;;;;;;;;;;;;;;;;;;;;;;;;;;;;;;;;;;;;;;;;;;;;;;;;;;;;;;;;;;;;;;;;;;;;;;;;;;;;;;;;;;;;;;;;;;;;;;;;;;;;;;;;;;;;;;;;;;;;;;;;;;;;;;;;;;;;;;;;;;;;;;;;;;;;;;;;;;;;;;;;;;;;;;;;;;;;;;;;;;;;;;;;;;;;
401;0;17;18;26;33;2;5;28;33;9;11;30;15;10;29;9;14;22;19;3;1;30;26;29;19;28;12;16;27;5;11;5;16;34;5;14;14;31;7;18;9;1;26;3;10;17;17;4;34;26;33;4;25;10;19;32;10;25;6;11;33;15;18;10;4;15;22;16;27;13;21;27;32;15;2;25;18;30;16;13;3;16;22;27;29;8;21;28;9;12;29;20;18;23;18;34;26;2;6;19;28;3;24;26;27;30;7;19;28;13;7;17;3;8;30;23;30;29;30;11;17;21;10;32;1;29;22;9;25;15;29;34;10;16;8;24;22;29;28;34;33;31;6;2;17;12;31;28;15;20;21;31;1;17;23;16;32;33;29;16;31;3;23;10;9;24;27;31;8;30;29;11;3;27;29;16;6;5;13;26;11;2;24;26;7;20;14;18;1;22;9;19;15;21;4;13;22;27;13;1;25;18;23;6;15;31;30;11;22;3;28;10;12;33;19;30;7;26;34;3;9;5;9;11;3;31;9;32;26;6;24;27;5;5;13;3;15;17;23;20;16;8;20;16;29;24;25;20;13;10;16;20;13;5;4;2;7;14;10;7;11;25;11;32;20;5;34;30;27;6;27;24;26;25;21;12;32;34;24;13;18;20;3;4;17;20;8;9;5;32;18;10;27;33;11;31;27;27;18;31;6;3;33;17;14;25;11;22;29;28;5;33;25;24;7;32;14;33;8;4;29;20;14;34;34;1;22;28;24;21;18;19;11;5;14;24;32;33;7;2;34;23;26;28;13;30;22;22;13;12;13;25;18;1;1;7;17;21;34;27;10;18;26;31;16;25;8;16;31;13;1;27;11;15;34;14;9;8;29;8;21;9;28;25;22;15;13;33;26;14;1;5;16;16;13;34;17;27;5;13;8;;;;;;;;;;;;;;;;;;;;;;;;;;;;;;;;;;;;;;;;;;;;;;;;;;;;;;;;;;;;;;;;;;;;;;;;;;;;;;;;;;;;;;;;;;;;;;;;;;;;;;;;;;;;;;;;;;;;;;;;;;;;;;;;;;;;;;;;;;;;;;;;;;;;;;;;;;;;;;;;;;;;;;;;;;;;;;;;;;;;;;;;;;;;;;;;;;;;;;;;;;;;;;;;;;;;;;;;;;;;;;;;;;;;;;;;;;;;;;;;;;;;;;;;;;;;;;;;;;;;;;;;;;;;;;;;;;;;;;;;;;;;;;;;;;;;;;;;;;;;;;;;;;;;;;;;;;;;;;;;;;;;;;;;;;;;;;;;;;;;;;;;;;;;;;;;;;;;;;;;;;;;;;;;;;;;;;;;;;;;;;;;;;;;;;;;;;;;;;;;;;;;;;;;;;;;;;;;;;;;;;;;;;;;;;;;;;;;;;;;;;;;;;;;;;;;;;;;;;;;;;;;;;;;;;;;;;;;;;;;;;;;;;;;;;;;;;;;;;;;;;;;;;;;;;;;;;;;;;;;;;;;;;;;;;;;;;;;;;;;;;;;;;;;;;;;;;;;;;;;;;;;;;;;;;;;;;;;;;;;;;;;;;;;;;;;;;;;;;;;
411;0;17;18;26;33;2;5;28;33;9;11;30;15;10;29;9;14;22;19;3;1;30;26;29;19;28;12;16;27;5;11;5;16;34;5;14;14;31;7;18;9;1;26;3;10;17;17;4;34;26;33;4;25;10;19;32;10;25;6;11;33;15;18;10;4;15;22;16;27;13;21;27;32;15;2;25;18;30;16;13;3;16;22;27;29;8;21;28;9;12;29;20;18;23;18;34;26;2;6;19;28;3;24;26;27;30;7;19;28;13;7;17;3;8;30;23;30;29;30;11;17;21;10;32;1;29;22;9;25;15;29;34;10;16;8;24;22;29;28;34;33;31;6;2;17;12;31;28;15;20;21;31;1;17;23;16;32;33;29;16;31;3;23;10;9;24;27;31;8;30;29;11;3;27;29;16;6;5;13;26;11;2;24;26;7;20;14;18;1;22;9;19;15;21;4;13;22;27;13;1;25;18;23;6;15;31;30;11;22;3;28;10;12;33;19;30;7;26;34;3;9;5;9;11;3;31;9;32;26;6;24;27;5;5;13;3;15;17;23;20;16;8;20;16;29;24;25;20;13;10;16;20;13;5;4;2;7;14;10;7;11;25;11;32;20;5;34;30;27;6;27;24;26;25;21;12;32;34;24;13;18;20;3;4;17;20;8;9;5;32;18;10;27;33;11;31;27;27;18;31;6;3;33;17;14;25;11;22;29;28;5;33;25;24;7;32;14;33;8;4;29;20;14;34;34;1;22;28;24;21;18;19;11;5;14;24;32;33;7;2;34;23;26;28;13;30;22;22;13;12;13;25;18;1;1;7;17;21;34;27;10;18;26;31;16;25;8;16;31;13;1;27;11;15;34;14;9;8;29;8;21;9;28;25;22;15;13;33;26;14;1;5;16;16;13;34;17;27;5;13;8;5;20;5;14;24;27;20;21;11;30;;;;;;;;;;;;;;;;;;;;;;;;;;;;;;;;;;;;;;;;;;;;;;;;;;;;;;;;;;;;;;;;;;;;;;;;;;;;;;;;;;;;;;;;;;;;;;;;;;;;;;;;;;;;;;;;;;;;;;;;;;;;;;;;;;;;;;;;;;;;;;;;;;;;;;;;;;;;;;;;;;;;;;;;;;;;;;;;;;;;;;;;;;;;;;;;;;;;;;;;;;;;;;;;;;;;;;;;;;;;;;;;;;;;;;;;;;;;;;;;;;;;;;;;;;;;;;;;;;;;;;;;;;;;;;;;;;;;;;;;;;;;;;;;;;;;;;;;;;;;;;;;;;;;;;;;;;;;;;;;;;;;;;;;;;;;;;;;;;;;;;;;;;;;;;;;;;;;;;;;;;;;;;;;;;;;;;;;;;;;;;;;;;;;;;;;;;;;;;;;;;;;;;;;;;;;;;;;;;;;;;;;;;;;;;;;;;;;;;;;;;;;;;;;;;;;;;;;;;;;;;;;;;;;;;;;;;;;;;;;;;;;;;;;;;;;;;;;;;;;;;;;;;;;;;;;;;;;;;;;;;;;;;;;;;;;;;;;;;;;;;;;;;;;;;;;;;;;;;;;;;;;;;;;;;;;;;;;;;;;;;;;;;;;;;
420;0;17;18;26;33;2;5;28;33;9;11;30;15;10;29;9;14;22;19;3;1;30;26;29;19;28;12;16;27;5;11;5;16;34;5;14;14;31;7;18;9;1;26;3;10;17;17;4;34;26;33;4;25;10;19;32;10;25;6;11;33;15;18;10;4;15;22;16;27;13;21;27;32;15;2;25;18;30;16;13;3;16;22;27;29;8;21;28;9;12;29;20;18;23;18;34;26;2;6;19;28;3;24;26;27;30;7;19;28;13;7;17;3;8;30;23;30;29;30;11;17;21;10;32;1;29;22;9;25;15;29;34;10;16;8;24;22;29;28;34;33;31;6;2;17;12;31;28;15;20;21;31;1;17;23;16;32;33;29;16;31;3;23;10;9;24;27;31;8;30;29;11;3;27;29;16;6;5;13;26;11;2;24;26;7;20;14;18;1;22;9;19;15;21;4;13;22;27;13;1;25;18;23;6;15;31;30;11;22;3;28;10;12;33;19;30;7;26;34;3;9;5;9;11;3;31;9;32;26;6;24;27;5;5;13;3;15;17;23;20;16;8;20;16;29;24;25;20;13;10;16;20;13;5;4;2;7;14;10;7;11;25;11;32;20;5;34;30;27;6;27;24;26;25;21;12;32;34;24;13;18;20;3;4;17;20;8;9;5;32;18;10;27;33;11;31;27;27;18;31;6;3;33;17;14;25;11;22;29;28;5;33;25;24;7;32;14;33;8;4;29;20;14;34;34;1;22;28;24;21;18;19;11;5;14;24;32;33;7;2;34;23;26;28;13;30;22;22;13;12;13;25;18;1;1;7;17;21;34;27;10;18;26;31;16;25;8;16;31;13;1;27;11;15;34;14;9;8;29;8;21;9;28;25;22;15;13;33;26;14;1;5;16;16;13;34;17;27;5;13;8;5;20;5;14;24;27;20;21;11;30;7;25;4;21;9;10;12;27;27;;;;;;;;;;;;;;;;;;;;;;;;;;;;;;;;;;;;;;;;;;;;;;;;;;;;;;;;;;;;;;;;;;;;;;;;;;;;;;;;;;;;;;;;;;;;;;;;;;;;;;;;;;;;;;;;;;;;;;;;;;;;;;;;;;;;;;;;;;;;;;;;;;;;;;;;;;;;;;;;;;;;;;;;;;;;;;;;;;;;;;;;;;;;;;;;;;;;;;;;;;;;;;;;;;;;;;;;;;;;;;;;;;;;;;;;;;;;;;;;;;;;;;;;;;;;;;;;;;;;;;;;;;;;;;;;;;;;;;;;;;;;;;;;;;;;;;;;;;;;;;;;;;;;;;;;;;;;;;;;;;;;;;;;;;;;;;;;;;;;;;;;;;;;;;;;;;;;;;;;;;;;;;;;;;;;;;;;;;;;;;;;;;;;;;;;;;;;;;;;;;;;;;;;;;;;;;;;;;;;;;;;;;;;;;;;;;;;;;;;;;;;;;;;;;;;;;;;;;;;;;;;;;;;;;;;;;;;;;;;;;;;;;;;;;;;;;;;;;;;;;;;;;;;;;;;;;;;;;;;;;;;;;;;;;;;;;;;;;;;;;;;;;;;;;;;;;;;;;;;;;;;;;;;;;;;;;;;;;;;;
429;0;17;18;26;33;2;5;28;33;9;11;30;15;10;29;9;14;22;19;3;1;30;26;29;19;28;12;16;27;5;11;5;16;34;5;14;14;31;7;18;9;1;26;3;10;17;17;4;34;26;33;4;25;10;19;32;10;25;6;11;33;15;18;10;4;15;22;16;27;13;21;27;32;15;2;25;18;30;16;13;3;16;22;27;29;8;21;28;9;12;29;20;18;23;18;34;26;2;6;19;28;3;24;26;27;30;7;19;28;13;7;17;3;8;30;23;30;29;30;11;17;21;10;32;1;29;22;9;25;15;29;34;10;16;8;24;22;29;28;34;33;31;6;2;17;12;31;28;15;20;21;31;1;17;23;16;32;33;29;16;31;3;23;10;9;24;27;31;8;30;29;11;3;27;29;16;6;5;13;26;11;2;24;26;7;20;14;18;1;22;9;19;15;21;4;13;22;27;13;1;25;18;23;6;15;31;30;11;22;3;28;10;12;33;19;30;7;26;34;3;9;5;9;11;3;31;9;32;26;6;24;27;5;5;13;3;15;17;23;20;16;8;20;16;29;24;25;20;13;10;16;20;13;5;4;2;7;14;10;7;11;25;11;32;20;5;34;30;27;6;27;24;26;25;21;12;32;34;24;13;18;20;3;4;17;20;8;9;5;32;18;10;27;33;11;31;27;27;18;31;6;3;33;17;14;25;11;22;29;28;5;33;25;24;7;32;14;33;8;4;29;20;14;34;34;1;22;28;24;21;18;19;11;5;14;24;32;33;7;2;34;23;26;28;13;30;22;22;13;12;13;25;18;1;1;7;17;21;34;27;10;18;26;31;16;25;8;16;31;13;1;27;11;15;34;14;9;8;29;8;21;9;28;25;22;15;13;33;26;14;1;5;16;16;13;34;17;27;5;13;8;5;20;5;14;24;27;20;21;11;30;7;25;4;21;9;10;12;27;27;9;19;3;31;33;13;19;19;27;;;;;;;;;;;;;;;;;;;;;;;;;;;;;;;;;;;;;;;;;;;;;;;;;;;;;;;;;;;;;;;;;;;;;;;;;;;;;;;;;;;;;;;;;;;;;;;;;;;;;;;;;;;;;;;;;;;;;;;;;;;;;;;;;;;;;;;;;;;;;;;;;;;;;;;;;;;;;;;;;;;;;;;;;;;;;;;;;;;;;;;;;;;;;;;;;;;;;;;;;;;;;;;;;;;;;;;;;;;;;;;;;;;;;;;;;;;;;;;;;;;;;;;;;;;;;;;;;;;;;;;;;;;;;;;;;;;;;;;;;;;;;;;;;;;;;;;;;;;;;;;;;;;;;;;;;;;;;;;;;;;;;;;;;;;;;;;;;;;;;;;;;;;;;;;;;;;;;;;;;;;;;;;;;;;;;;;;;;;;;;;;;;;;;;;;;;;;;;;;;;;;;;;;;;;;;;;;;;;;;;;;;;;;;;;;;;;;;;;;;;;;;;;;;;;;;;;;;;;;;;;;;;;;;;;;;;;;;;;;;;;;;;;;;;;;;;;;;;;;;;;;;;;;;;;;;;;;;;;;;;;;;;;;;;;;;;;;;;;;;;;;;;;;;;;;;;;;;;;;;;;;;;;;;;;;
439;0;17;18;26;33;2;5;28;33;9;11;30;15;10;29;9;14;22;19;3;1;30;26;29;19;28;12;16;27;5;11;5;16;34;5;14;14;31;7;18;9;1;26;3;10;17;17;4;34;26;33;4;25;10;19;32;10;25;6;11;33;15;18;10;4;15;22;16;27;13;21;27;32;15;2;25;18;30;16;13;3;16;22;27;29;8;21;28;9;12;29;20;18;23;18;34;26;2;6;19;28;3;24;26;27;30;7;19;28;13;7;17;3;8;30;23;30;29;30;11;17;21;10;32;1;29;22;9;25;15;29;34;10;16;8;24;22;29;28;34;33;31;6;2;17;12;31;28;15;20;21;31;1;17;23;16;32;33;29;16;31;3;23;10;9;24;27;31;8;30;29;11;3;27;29;16;6;5;13;26;11;2;24;26;7;20;14;18;1;22;9;19;15;21;4;13;22;27;13;1;25;18;23;6;15;31;30;11;22;3;28;10;12;33;19;30;7;26;34;3;9;5;9;11;3;31;9;32;26;6;24;27;5;5;13;3;15;17;23;20;16;8;20;16;29;24;25;20;13;10;16;20;13;5;4;2;7;14;10;7;11;25;11;32;20;5;34;30;27;6;27;24;26;25;21;12;32;34;24;13;18;20;3;4;17;20;8;9;5;32;18;10;27;33;11;31;27;27;18;31;6;3;33;17;14;25;11;22;29;28;5;33;25;24;7;32;14;33;8;4;29;20;14;34;34;1;22;28;24;21;18;19;11;5;14;24;32;33;7;2;34;23;26;28;13;30;22;22;13;12;13;25;18;1;1;7;17;21;34;27;10;18;26;31;16;25;8;16;31;13;1;27;11;15;34;14;9;8;29;8;21;9;28;25;22;15;13;33;26;14;1;5;16;16;13;34;17;27;5;13;8;5;20;5;14;24;27;20;21;11;30;7;25;4;21;9;10;12;27;27;9;19;3;31;33;13;19;19;27;3;18;29;21;19;2;32;7;12;23;;;;;;;;;;;;;;;;;;;;;;;;;;;;;;;;;;;;;;;;;;;;;;;;;;;;;;;;;;;;;;;;;;;;;;;;;;;;;;;;;;;;;;;;;;;;;;;;;;;;;;;;;;;;;;;;;;;;;;;;;;;;;;;;;;;;;;;;;;;;;;;;;;;;;;;;;;;;;;;;;;;;;;;;;;;;;;;;;;;;;;;;;;;;;;;;;;;;;;;;;;;;;;;;;;;;;;;;;;;;;;;;;;;;;;;;;;;;;;;;;;;;;;;;;;;;;;;;;;;;;;;;;;;;;;;;;;;;;;;;;;;;;;;;;;;;;;;;;;;;;;;;;;;;;;;;;;;;;;;;;;;;;;;;;;;;;;;;;;;;;;;;;;;;;;;;;;;;;;;;;;;;;;;;;;;;;;;;;;;;;;;;;;;;;;;;;;;;;;;;;;;;;;;;;;;;;;;;;;;;;;;;;;;;;;;;;;;;;;;;;;;;;;;;;;;;;;;;;;;;;;;;;;;;;;;;;;;;;;;;;;;;;;;;;;;;;;;;;;;;;;;;;;;;;;;;;;;;;;;;;;;;;;;;;;;;;;;;;;;;;;;;;;;;;;;;;;;;;;;;;;
449;0;17;18;26;33;2;5;28;33;9;11;30;15;10;29;9;14;22;19;3;1;30;26;29;19;28;12;16;27;5;11;5;16;34;5;14;14;31;7;18;9;1;26;3;10;17;17;4;34;26;33;4;25;10;19;32;10;25;6;11;33;15;18;10;4;15;22;16;27;13;21;27;32;15;2;25;18;30;16;13;3;16;22;27;29;8;21;28;9;12;29;20;18;23;18;34;26;2;6;19;28;3;24;26;27;30;7;19;28;13;7;17;3;8;30;23;30;29;30;11;17;21;10;32;1;29;22;9;25;15;29;34;10;16;8;24;22;29;28;34;33;31;6;2;17;12;31;28;15;20;21;31;1;17;23;16;32;33;29;16;31;3;23;10;9;24;27;31;8;30;29;11;3;27;29;16;6;5;13;26;11;2;24;26;7;20;14;18;1;22;9;19;15;21;4;13;22;27;13;1;25;18;23;6;15;31;30;11;22;3;28;10;12;33;19;30;7;26;34;3;9;5;9;11;3;31;9;32;26;6;24;27;5;5;13;3;15;17;23;20;16;8;20;16;29;24;25;20;13;10;16;20;13;5;4;2;7;14;10;7;11;25;11;32;20;5;34;30;27;6;27;24;26;25;21;12;32;34;24;13;18;20;3;4;17;20;8;9;5;32;18;10;27;33;11;31;27;27;18;31;6;3;33;17;14;25;11;22;29;28;5;33;25;24;7;32;14;33;8;4;29;20;14;34;34;1;22;28;24;21;18;19;11;5;14;24;32;33;7;2;34;23;26;28;13;30;22;22;13;12;13;25;18;1;1;7;17;21;34;27;10;18;26;31;16;25;8;16;31;13;1;27;11;15;34;14;9;8;29;8;21;9;28;25;22;15;13;33;26;14;1;5;16;16;13;34;17;27;5;13;8;5;20;5;14;24;27;20;21;11;30;7;25;4;21;9;10;12;27;27;9;19;3;31;33;13;19;19;27;3;18;29;21;19;2;32;7;12;23;16;20;21;6;1;33;28;6;23;18;;;;;;;;;;;;;;;;;;;;;;;;;;;;;;;;;;;;;;;;;;;;;;;;;;;;;;;;;;;;;;;;;;;;;;;;;;;;;;;;;;;;;;;;;;;;;;;;;;;;;;;;;;;;;;;;;;;;;;;;;;;;;;;;;;;;;;;;;;;;;;;;;;;;;;;;;;;;;;;;;;;;;;;;;;;;;;;;;;;;;;;;;;;;;;;;;;;;;;;;;;;;;;;;;;;;;;;;;;;;;;;;;;;;;;;;;;;;;;;;;;;;;;;;;;;;;;;;;;;;;;;;;;;;;;;;;;;;;;;;;;;;;;;;;;;;;;;;;;;;;;;;;;;;;;;;;;;;;;;;;;;;;;;;;;;;;;;;;;;;;;;;;;;;;;;;;;;;;;;;;;;;;;;;;;;;;;;;;;;;;;;;;;;;;;;;;;;;;;;;;;;;;;;;;;;;;;;;;;;;;;;;;;;;;;;;;;;;;;;;;;;;;;;;;;;;;;;;;;;;;;;;;;;;;;;;;;;;;;;;;;;;;;;;;;;;;;;;;;;;;;;;;;;;;;;;;;;;;;;;;;;;;;;;;;;;;;;;;;;;;;;;;;;;;;;;
459;0;17;18;26;33;2;5;28;33;9;11;30;15;10;29;9;14;22;19;3;1;30;26;29;19;28;12;16;27;5;11;5;16;34;5;14;14;31;7;18;9;1;26;3;10;17;17;4;34;26;33;4;25;10;19;32;10;25;6;11;33;15;18;10;4;15;22;16;27;13;21;27;32;15;2;25;18;30;16;13;3;16;22;27;29;8;21;28;9;12;29;20;18;23;18;34;26;2;6;19;28;3;24;26;27;30;7;19;28;13;7;17;3;8;30;23;30;29;30;11;17;21;10;32;1;29;22;9;25;15;29;34;10;16;8;24;22;29;28;34;33;31;6;2;17;12;31;28;15;20;21;31;1;17;23;16;32;33;29;16;31;3;23;10;9;24;27;31;8;30;29;11;3;27;29;16;6;5;13;26;11;2;24;26;7;20;14;18;1;22;9;19;15;21;4;13;22;27;13;1;25;18;23;6;15;31;30;11;22;3;28;10;12;33;19;30;7;26;34;3;9;5;9;11;3;31;9;32;26;6;24;27;5;5;13;3;15;17;23;20;16;8;20;16;29;24;25;20;13;10;16;20;13;5;4;2;7;14;10;7;11;25;11;32;20;5;34;30;27;6;27;24;26;25;21;12;32;34;24;13;18;20;3;4;17;20;8;9;5;32;18;10;27;33;11;31;27;27;18;31;6;3;33;17;14;25;11;22;29;28;5;33;25;24;7;32;14;33;8;4;29;20;14;34;34;1;22;28;24;21;18;19;11;5;14;24;32;33;7;2;34;23;26;28;13;30;22;22;13;12;13;25;18;1;1;7;17;21;34;27;10;18;26;31;16;25;8;16;31;13;1;27;11;15;34;14;9;8;29;8;21;9;28;25;22;15;13;33;26;14;1;5;16;16;13;34;17;27;5;13;8;5;20;5;14;24;27;20;21;11;30;7;25;4;21;9;10;12;27;27;9;19;3;31;33;13;19;19;27;3;18;29;21;19;2;32;7;12;23;16;20;21;6;1;33;28;6;23;18;26;5;24;25;34;10;15;5;1;2;;;;;;;;;;;;;;;;;;;;;;;;;;;;;;;;;;;;;;;;;;;;;;;;;;;;;;;;;;;;;;;;;;;;;;;;;;;;;;;;;;;;;;;;;;;;;;;;;;;;;;;;;;;;;;;;;;;;;;;;;;;;;;;;;;;;;;;;;;;;;;;;;;;;;;;;;;;;;;;;;;;;;;;;;;;;;;;;;;;;;;;;;;;;;;;;;;;;;;;;;;;;;;;;;;;;;;;;;;;;;;;;;;;;;;;;;;;;;;;;;;;;;;;;;;;;;;;;;;;;;;;;;;;;;;;;;;;;;;;;;;;;;;;;;;;;;;;;;;;;;;;;;;;;;;;;;;;;;;;;;;;;;;;;;;;;;;;;;;;;;;;;;;;;;;;;;;;;;;;;;;;;;;;;;;;;;;;;;;;;;;;;;;;;;;;;;;;;;;;;;;;;;;;;;;;;;;;;;;;;;;;;;;;;;;;;;;;;;;;;;;;;;;;;;;;;;;;;;;;;;;;;;;;;;;;;;;;;;;;;;;;;;;;;;;;;;;;;;;;;;;;;;;;;;;;;;;;;;;;;;;;;;;;;;;;;;;;;;;;;;;
469;0;17;18;26;33;2;5;28;33;9;11;30;15;10;29;9;14;22;19;3;1;30;26;29;19;28;12;16;27;5;11;5;16;34;5;14;14;31;7;18;9;1;26;3;10;17;17;4;34;26;33;4;25;10;19;32;10;25;6;11;33;15;18;10;4;15;22;16;27;13;21;27;32;15;2;25;18;30;16;13;3;16;22;27;29;8;21;28;9;12;29;20;18;23;18;34;26;2;6;19;28;3;24;26;27;30;7;19;28;13;7;17;3;8;30;23;30;29;30;11;17;21;10;32;1;29;22;9;25;15;29;34;10;16;8;24;22;29;28;34;33;31;6;2;17;12;31;28;15;20;21;31;1;17;23;16;32;33;29;16;31;3;23;10;9;24;27;31;8;30;29;11;3;27;29;16;6;5;13;26;11;2;24;26;7;20;14;18;1;22;9;19;15;21;4;13;22;27;13;1;25;18;23;6;15;31;30;11;22;3;28;10;12;33;19;30;7;26;34;3;9;5;9;11;3;31;9;32;26;6;24;27;5;5;13;3;15;17;23;20;16;8;20;16;29;24;25;20;13;10;16;20;13;5;4;2;7;14;10;7;11;25;11;32;20;5;34;30;27;6;27;24;26;25;21;12;32;34;24;13;18;20;3;4;17;20;8;9;5;32;18;10;27;33;11;31;27;27;18;31;6;3;33;17;14;25;11;22;29;28;5;33;25;24;7;32;14;33;8;4;29;20;14;34;34;1;22;28;24;21;18;19;11;5;14;24;32;33;7;2;34;23;26;28;13;30;22;22;13;12;13;25;18;1;1;7;17;21;34;27;10;18;26;31;16;25;8;16;31;13;1;27;11;15;34;14;9;8;29;8;21;9;28;25;22;15;13;33;26;14;1;5;16;16;13;34;17;27;5;13;8;5;20;5;14;24;27;20;21;11;30;7;25;4;21;9;10;12;27;27;9;19;3;31;33;13;19;19;27;3;18;29;21;19;2;32;7;12;23;16;20;21;6;1;33;28;6;23;18;26;5;24;25;34;10;15;5;1;2;16;6;26;7;22;19;12;16;34;33;;;;;;;;;;;;;;;;;;;;;;;;;;;;;;;;;;;;;;;;;;;;;;;;;;;;;;;;;;;;;;;;;;;;;;;;;;;;;;;;;;;;;;;;;;;;;;;;;;;;;;;;;;;;;;;;;;;;;;;;;;;;;;;;;;;;;;;;;;;;;;;;;;;;;;;;;;;;;;;;;;;;;;;;;;;;;;;;;;;;;;;;;;;;;;;;;;;;;;;;;;;;;;;;;;;;;;;;;;;;;;;;;;;;;;;;;;;;;;;;;;;;;;;;;;;;;;;;;;;;;;;;;;;;;;;;;;;;;;;;;;;;;;;;;;;;;;;;;;;;;;;;;;;;;;;;;;;;;;;;;;;;;;;;;;;;;;;;;;;;;;;;;;;;;;;;;;;;;;;;;;;;;;;;;;;;;;;;;;;;;;;;;;;;;;;;;;;;;;;;;;;;;;;;;;;;;;;;;;;;;;;;;;;;;;;;;;;;;;;;;;;;;;;;;;;;;;;;;;;;;;;;;;;;;;;;;;;;;;;;;;;;;;;;;;;;;;;;;;;;;;;;;;;;;;;;;;;;;;;;;;;;;;;;;;;;
480;0;17;18;26;33;2;5;28;33;9;11;30;15;10;29;9;14;22;19;3;1;30;26;29;19;28;12;16;27;5;11;5;16;34;5;14;14;31;7;18;9;1;26;3;10;17;17;4;34;26;33;4;25;10;19;32;10;25;6;11;33;15;18;10;4;15;22;16;27;13;21;27;32;15;2;25;18;30;16;13;3;16;22;27;29;8;21;28;9;12;29;20;18;23;18;34;26;2;6;19;28;3;24;26;27;30;7;19;28;13;7;17;3;8;30;23;30;29;30;11;17;21;10;32;1;29;22;9;25;15;29;34;10;16;8;24;22;29;28;34;33;31;6;2;17;12;31;28;15;20;21;31;1;17;23;16;32;33;29;16;31;3;23;10;9;24;27;31;8;30;29;11;3;27;29;16;6;5;13;26;11;2;24;26;7;20;14;18;1;22;9;19;15;21;4;13;22;27;13;1;25;18;23;6;15;31;30;11;22;3;28;10;12;33;19;30;7;26;34;3;9;5;9;11;3;31;9;32;26;6;24;27;5;5;13;3;15;17;23;20;16;8;20;16;29;24;25;20;13;10;16;20;13;5;4;2;7;14;10;7;11;25;11;32;20;5;34;30;27;6;27;24;26;25;21;12;32;34;24;13;18;20;3;4;17;20;8;9;5;32;18;10;27;33;11;31;27;27;18;31;6;3;33;17;14;25;11;22;29;28;5;33;25;24;7;32;14;33;8;4;29;20;14;34;34;1;22;28;24;21;18;19;11;5;14;24;32;33;7;2;34;23;26;28;13;30;22;22;13;12;13;25;18;1;1;7;17;21;34;27;10;18;26;31;16;25;8;16;31;13;1;27;11;15;34;14;9;8;29;8;21;9;28;25;22;15;13;33;26;14;1;5;16;16;13;34;17;27;5;13;8;5;20;5;14;24;27;20;21;11;30;7;25;4;21;9;10;12;27;27;9;19;3;31;33;13;19;19;27;3;18;29;21;19;2;32;7;12;23;16;20;21;6;1;33;28;6;23;18;26;5;24;25;34;10;15;5;1;2;16;6;26;7;22;19;12;16;34;33;10;33;8;28;12;23;23;29;13;32;30;;;;;;;;;;;;;;;;;;;;;;;;;;;;;;;;;;;;;;;;;;;;;;;;;;;;;;;;;;;;;;;;;;;;;;;;;;;;;;;;;;;;;;;;;;;;;;;;;;;;;;;;;;;;;;;;;;;;;;;;;;;;;;;;;;;;;;;;;;;;;;;;;;;;;;;;;;;;;;;;;;;;;;;;;;;;;;;;;;;;;;;;;;;;;;;;;;;;;;;;;;;;;;;;;;;;;;;;;;;;;;;;;;;;;;;;;;;;;;;;;;;;;;;;;;;;;;;;;;;;;;;;;;;;;;;;;;;;;;;;;;;;;;;;;;;;;;;;;;;;;;;;;;;;;;;;;;;;;;;;;;;;;;;;;;;;;;;;;;;;;;;;;;;;;;;;;;;;;;;;;;;;;;;;;;;;;;;;;;;;;;;;;;;;;;;;;;;;;;;;;;;;;;;;;;;;;;;;;;;;;;;;;;;;;;;;;;;;;;;;;;;;;;;;;;;;;;;;;;;;;;;;;;;;;;;;;;;;;;;;;;;;;;;;;;;;;;;;;;;;;;;;;;;;;;;;;;;;;;;;;
491;0;17;18;26;33;2;5;28;33;9;11;30;15;10;29;9;14;22;19;3;1;30;26;29;19;28;12;16;27;5;11;5;16;34;5;14;14;31;7;18;9;1;26;3;10;17;17;4;34;26;33;4;25;10;19;32;10;25;6;11;33;15;18;10;4;15;22;16;27;13;21;27;32;15;2;25;18;30;16;13;3;16;22;27;29;8;21;28;9;12;29;20;18;23;18;34;26;2;6;19;28;3;24;26;27;30;7;19;28;13;7;17;3;8;30;23;30;29;30;11;17;21;10;32;1;29;22;9;25;15;29;34;10;16;8;24;22;29;28;34;33;31;6;2;17;12;31;28;15;20;21;31;1;17;23;16;32;33;29;16;31;3;23;10;9;24;27;31;8;30;29;11;3;27;29;16;6;5;13;26;11;2;24;26;7;20;14;18;1;22;9;19;15;21;4;13;22;27;13;1;25;18;23;6;15;31;30;11;22;3;28;10;12;33;19;30;7;26;34;3;9;5;9;11;3;31;9;32;26;6;24;27;5;5;13;3;15;17;23;20;16;8;20;16;29;24;25;20;13;10;16;20;13;5;4;2;7;14;10;7;11;25;11;32;20;5;34;30;27;6;27;24;26;25;21;12;32;34;24;13;18;20;3;4;17;20;8;9;5;32;18;10;27;33;11;31;27;27;18;31;6;3;33;17;14;25;11;22;29;28;5;33;25;24;7;32;14;33;8;4;29;20;14;34;34;1;22;28;24;21;18;19;11;5;14;24;32;33;7;2;34;23;26;28;13;30;22;22;13;12;13;25;18;1;1;7;17;21;34;27;10;18;26;31;16;25;8;16;31;13;1;27;11;15;34;14;9;8;29;8;21;9;28;25;22;15;13;33;26;14;1;5;16;16;13;34;17;27;5;13;8;5;20;5;14;24;27;20;21;11;30;7;25;4;21;9;10;12;27;27;9;19;3;31;33;13;19;19;27;3;18;29;21;19;2;32;7;12;23;16;20;21;6;1;33;28;6;23;18;26;5;24;25;34;10;15;5;1;2;16;6;26;7;22;19;12;16;34;33;10;33;8;28;12;23;23;29;13;32;30;1;4;5;22;13;6;4;32;21;2;9;;;;;;;;;;;;;;;;;;;;;;;;;;;;;;;;;;;;;;;;;;;;;;;;;;;;;;;;;;;;;;;;;;;;;;;;;;;;;;;;;;;;;;;;;;;;;;;;;;;;;;;;;;;;;;;;;;;;;;;;;;;;;;;;;;;;;;;;;;;;;;;;;;;;;;;;;;;;;;;;;;;;;;;;;;;;;;;;;;;;;;;;;;;;;;;;;;;;;;;;;;;;;;;;;;;;;;;;;;;;;;;;;;;;;;;;;;;;;;;;;;;;;;;;;;;;;;;;;;;;;;;;;;;;;;;;;;;;;;;;;;;;;;;;;;;;;;;;;;;;;;;;;;;;;;;;;;;;;;;;;;;;;;;;;;;;;;;;;;;;;;;;;;;;;;;;;;;;;;;;;;;;;;;;;;;;;;;;;;;;;;;;;;;;;;;;;;;;;;;;;;;;;;;;;;;;;;;;;;;;;;;;;;;;;;;;;;;;;;;;;;;;;;;;;;;;;;;;;;;;;;;;;;;;;;;;;;;;;;;;;;;;;;;;;;;;;;;;;;;;;;;;;;;;;;
502;0;17;18;26;33;2;5;28;33;9;11;30;15;10;29;9;14;22;19;3;1;30;26;29;19;28;12;16;27;5;11;5;16;34;5;14;14;31;7;18;9;1;26;3;10;17;17;4;34;26;33;4;25;10;19;32;10;25;6;11;33;15;18;10;4;15;22;16;27;13;21;27;32;15;2;25;18;30;16;13;3;16;22;27;29;8;21;28;9;12;29;20;18;23;18;34;26;2;6;19;28;3;24;26;27;30;7;19;28;13;7;17;3;8;30;23;30;29;30;11;17;21;10;32;1;29;22;9;25;15;29;34;10;16;8;24;22;29;28;34;33;31;6;2;17;12;31;28;15;20;21;31;1;17;23;16;32;33;29;16;31;3;23;10;9;24;27;31;8;30;29;11;3;27;29;16;6;5;13;26;11;2;24;26;7;20;14;18;1;22;9;19;15;21;4;13;22;27;13;1;25;18;23;6;15;31;30;11;22;3;28;10;12;33;19;30;7;26;34;3;9;5;9;11;3;31;9;32;26;6;24;27;5;5;13;3;15;17;23;20;16;8;20;16;29;24;25;20;13;10;16;20;13;5;4;2;7;14;10;7;11;25;11;32;20;5;34;30;27;6;27;24;26;25;21;12;32;34;24;13;18;20;3;4;17;20;8;9;5;32;18;10;27;33;11;31;27;27;18;31;6;3;33;17;14;25;11;22;29;28;5;33;25;24;7;32;14;33;8;4;29;20;14;34;34;1;22;28;24;21;18;19;11;5;14;24;32;33;7;2;34;23;26;28;13;30;22;22;13;12;13;25;18;1;1;7;17;21;34;27;10;18;26;31;16;25;8;16;31;13;1;27;11;15;34;14;9;8;29;8;21;9;28;25;22;15;13;33;26;14;1;5;16;16;13;34;17;27;5;13;8;5;20;5;14;24;27;20;21;11;30;7;25;4;21;9;10;12;27;27;9;19;3;31;33;13;19;19;27;3;18;29;21;19;2;32;7;12;23;16;20;21;6;1;33;28;6;23;18;26;5;24;25;34;10;15;5;1;2;16;6;26;7;22;19;12;16;34;33;10;33;8;28;12;23;23;29;13;32;30;1;4;5;22;13;6;4;32;21;2;9;23;9;26;10;22;4;28;26;19;23;3;;;;;;;;;;;;;;;;;;;;;;;;;;;;;;;;;;;;;;;;;;;;;;;;;;;;;;;;;;;;;;;;;;;;;;;;;;;;;;;;;;;;;;;;;;;;;;;;;;;;;;;;;;;;;;;;;;;;;;;;;;;;;;;;;;;;;;;;;;;;;;;;;;;;;;;;;;;;;;;;;;;;;;;;;;;;;;;;;;;;;;;;;;;;;;;;;;;;;;;;;;;;;;;;;;;;;;;;;;;;;;;;;;;;;;;;;;;;;;;;;;;;;;;;;;;;;;;;;;;;;;;;;;;;;;;;;;;;;;;;;;;;;;;;;;;;;;;;;;;;;;;;;;;;;;;;;;;;;;;;;;;;;;;;;;;;;;;;;;;;;;;;;;;;;;;;;;;;;;;;;;;;;;;;;;;;;;;;;;;;;;;;;;;;;;;;;;;;;;;;;;;;;;;;;;;;;;;;;;;;;;;;;;;;;;;;;;;;;;;;;;;;;;;;;;;;;;;;;;;;;;;;;;;;;;;;;;;;;;;;;;;;;;;;;;;;;;;;;;;
513;0;17;18;26;33;2;5;28;33;9;11;30;15;10;29;9;14;22;19;3;1;30;26;29;19;28;12;16;27;5;11;5;16;34;5;14;14;31;7;18;9;1;26;3;10;17;17;4;34;26;33;4;25;10;19;32;10;25;6;11;33;15;18;10;4;15;22;16;27;13;21;27;32;15;2;25;18;30;16;13;3;16;22;27;29;8;21;28;9;12;29;20;18;23;18;34;26;2;6;19;28;3;24;26;27;30;7;19;28;13;7;17;3;8;30;23;30;29;30;11;17;21;10;32;1;29;22;9;25;15;29;34;10;16;8;24;22;29;28;34;33;31;6;2;17;12;31;28;15;20;21;31;1;17;23;16;32;33;29;16;31;3;23;10;9;24;27;31;8;30;29;11;3;27;29;16;6;5;13;26;11;2;24;26;7;20;14;18;1;22;9;19;15;21;4;13;22;27;13;1;25;18;23;6;15;31;30;11;22;3;28;10;12;33;19;30;7;26;34;3;9;5;9;11;3;31;9;32;26;6;24;27;5;5;13;3;15;17;23;20;16;8;20;16;29;24;25;20;13;10;16;20;13;5;4;2;7;14;10;7;11;25;11;32;20;5;34;30;27;6;27;24;26;25;21;12;32;34;24;13;18;20;3;4;17;20;8;9;5;32;18;10;27;33;11;31;27;27;18;31;6;3;33;17;14;25;11;22;29;28;5;33;25;24;7;32;14;33;8;4;29;20;14;34;34;1;22;28;24;21;18;19;11;5;14;24;32;33;7;2;34;23;26;28;13;30;22;22;13;12;13;25;18;1;1;7;17;21;34;27;10;18;26;31;16;25;8;16;31;13;1;27;11;15;34;14;9;8;29;8;21;9;28;25;22;15;13;33;26;14;1;5;16;16;13;34;17;27;5;13;8;5;20;5;14;24;27;20;21;11;30;7;25;4;21;9;10;12;27;27;9;19;3;31;33;13;19;19;27;3;18;29;21;19;2;32;7;12;23;16;20;21;6;1;33;28;6;23;18;26;5;24;25;34;10;15;5;1;2;16;6;26;7;22;19;12;16;34;33;10;33;8;28;12;23;23;29;13;32;30;1;4;5;22;13;6;4;32;21;2;9;23;9;26;10;22;4;28;26;19;23;3;21;16;2;1;15;25;24;6;6;9;14;;;;;;;;;;;;;;;;;;;;;;;;;;;;;;;;;;;;;;;;;;;;;;;;;;;;;;;;;;;;;;;;;;;;;;;;;;;;;;;;;;;;;;;;;;;;;;;;;;;;;;;;;;;;;;;;;;;;;;;;;;;;;;;;;;;;;;;;;;;;;;;;;;;;;;;;;;;;;;;;;;;;;;;;;;;;;;;;;;;;;;;;;;;;;;;;;;;;;;;;;;;;;;;;;;;;;;;;;;;;;;;;;;;;;;;;;;;;;;;;;;;;;;;;;;;;;;;;;;;;;;;;;;;;;;;;;;;;;;;;;;;;;;;;;;;;;;;;;;;;;;;;;;;;;;;;;;;;;;;;;;;;;;;;;;;;;;;;;;;;;;;;;;;;;;;;;;;;;;;;;;;;;;;;;;;;;;;;;;;;;;;;;;;;;;;;;;;;;;;;;;;;;;;;;;;;;;;;;;;;;;;;;;;;;;;;;;;;;;;;;;;;;;;;;;;;;;;;;;;;;;;;;;;;;;;;;;;;;;;;;;;;;;;;
524;0;17;18;26;33;2;5;28;33;9;11;30;15;10;29;9;14;22;19;3;1;30;26;29;19;28;12;16;27;5;11;5;16;34;5;14;14;31;7;18;9;1;26;3;10;17;17;4;34;26;33;4;25;10;19;32;10;25;6;11;33;15;18;10;4;15;22;16;27;13;21;27;32;15;2;25;18;30;16;13;3;16;22;27;29;8;21;28;9;12;29;20;18;23;18;34;26;2;6;19;28;3;24;26;27;30;7;19;28;13;7;17;3;8;30;23;30;29;30;11;17;21;10;32;1;29;22;9;25;15;29;34;10;16;8;24;22;29;28;34;33;31;6;2;17;12;31;28;15;20;21;31;1;17;23;16;32;33;29;16;31;3;23;10;9;24;27;31;8;30;29;11;3;27;29;16;6;5;13;26;11;2;24;26;7;20;14;18;1;22;9;19;15;21;4;13;22;27;13;1;25;18;23;6;15;31;30;11;22;3;28;10;12;33;19;30;7;26;34;3;9;5;9;11;3;31;9;32;26;6;24;27;5;5;13;3;15;17;23;20;16;8;20;16;29;24;25;20;13;10;16;20;13;5;4;2;7;14;10;7;11;25;11;32;20;5;34;30;27;6;27;24;26;25;21;12;32;34;24;13;18;20;3;4;17;20;8;9;5;32;18;10;27;33;11;31;27;27;18;31;6;3;33;17;14;25;11;22;29;28;5;33;25;24;7;32;14;33;8;4;29;20;14;34;34;1;22;28;24;21;18;19;11;5;14;24;32;33;7;2;34;23;26;28;13;30;22;22;13;12;13;25;18;1;1;7;17;21;34;27;10;18;26;31;16;25;8;16;31;13;1;27;11;15;34;14;9;8;29;8;21;9;28;25;22;15;13;33;26;14;1;5;16;16;13;34;17;27;5;13;8;5;20;5;14;24;27;20;21;11;30;7;25;4;21;9;10;12;27;27;9;19;3;31;33;13;19;19;27;3;18;29;21;19;2;32;7;12;23;16;20;21;6;1;33;28;6;23;18;26;5;24;25;34;10;15;5;1;2;16;6;26;7;22;19;12;16;34;33;10;33;8;28;12;23;23;29;13;32;30;1;4;5;22;13;6;4;32;21;2;9;23;9;26;10;22;4;28;26;19;23;3;21;16;2;1;15;25;24;6;6;9;14;5;1;13;3;7;8;14;15;2;16;31;;;;;;;;;;;;;;;;;;;;;;;;;;;;;;;;;;;;;;;;;;;;;;;;;;;;;;;;;;;;;;;;;;;;;;;;;;;;;;;;;;;;;;;;;;;;;;;;;;;;;;;;;;;;;;;;;;;;;;;;;;;;;;;;;;;;;;;;;;;;;;;;;;;;;;;;;;;;;;;;;;;;;;;;;;;;;;;;;;;;;;;;;;;;;;;;;;;;;;;;;;;;;;;;;;;;;;;;;;;;;;;;;;;;;;;;;;;;;;;;;;;;;;;;;;;;;;;;;;;;;;;;;;;;;;;;;;;;;;;;;;;;;;;;;;;;;;;;;;;;;;;;;;;;;;;;;;;;;;;;;;;;;;;;;;;;;;;;;;;;;;;;;;;;;;;;;;;;;;;;;;;;;;;;;;;;;;;;;;;;;;;;;;;;;;;;;;;;;;;;;;;;;;;;;;;;;;;;;;;;;;;;;;;;;;;;;;;;;;;;;;;;;;;;;;;;;;;;;;;;;;;;;;;;;;;;;;;;;
536;0;17;18;26;33;2;5;28;33;9;11;30;15;10;29;9;14;22;19;3;1;30;26;29;19;28;12;16;27;5;11;5;16;34;5;14;14;31;7;18;9;1;26;3;10;17;17;4;34;26;33;4;25;10;19;32;10;25;6;11;33;15;18;10;4;15;22;16;27;13;21;27;32;15;2;25;18;30;16;13;3;16;22;27;29;8;21;28;9;12;29;20;18;23;18;34;26;2;6;19;28;3;24;26;27;30;7;19;28;13;7;17;3;8;30;23;30;29;30;11;17;21;10;32;1;29;22;9;25;15;29;34;10;16;8;24;22;29;28;34;33;31;6;2;17;12;31;28;15;20;21;31;1;17;23;16;32;33;29;16;31;3;23;10;9;24;27;31;8;30;29;11;3;27;29;16;6;5;13;26;11;2;24;26;7;20;14;18;1;22;9;19;15;21;4;13;22;27;13;1;25;18;23;6;15;31;30;11;22;3;28;10;12;33;19;30;7;26;34;3;9;5;9;11;3;31;9;32;26;6;24;27;5;5;13;3;15;17;23;20;16;8;20;16;29;24;25;20;13;10;16;20;13;5;4;2;7;14;10;7;11;25;11;32;20;5;34;30;27;6;27;24;26;25;21;12;32;34;24;13;18;20;3;4;17;20;8;9;5;32;18;10;27;33;11;31;27;27;18;31;6;3;33;17;14;25;11;22;29;28;5;33;25;24;7;32;14;33;8;4;29;20;14;34;34;1;22;28;24;21;18;19;11;5;14;24;32;33;7;2;34;23;26;28;13;30;22;22;13;12;13;25;18;1;1;7;17;21;34;27;10;18;26;31;16;25;8;16;31;13;1;27;11;15;34;14;9;8;29;8;21;9;28;25;22;15;13;33;26;14;1;5;16;16;13;34;17;27;5;13;8;5;20;5;14;24;27;20;21;11;30;7;25;4;21;9;10;12;27;27;9;19;3;31;33;13;19;19;27;3;18;29;21;19;2;32;7;12;23;16;20;21;6;1;33;28;6;23;18;26;5;24;25;34;10;15;5;1;2;16;6;26;7;22;19;12;16;34;33;10;33;8;28;12;23;23;29;13;32;30;1;4;5;22;13;6;4;32;21;2;9;23;9;26;10;22;4;28;26;19;23;3;21;16;2;1;15;25;24;6;6;9;14;5;1;13;3;7;8;14;15;2;16;31;31;5;11;23;1;20;29;27;3;10;4;18;;;;;;;;;;;;;;;;;;;;;;;;;;;;;;;;;;;;;;;;;;;;;;;;;;;;;;;;;;;;;;;;;;;;;;;;;;;;;;;;;;;;;;;;;;;;;;;;;;;;;;;;;;;;;;;;;;;;;;;;;;;;;;;;;;;;;;;;;;;;;;;;;;;;;;;;;;;;;;;;;;;;;;;;;;;;;;;;;;;;;;;;;;;;;;;;;;;;;;;;;;;;;;;;;;;;;;;;;;;;;;;;;;;;;;;;;;;;;;;;;;;;;;;;;;;;;;;;;;;;;;;;;;;;;;;;;;;;;;;;;;;;;;;;;;;;;;;;;;;;;;;;;;;;;;;;;;;;;;;;;;;;;;;;;;;;;;;;;;;;;;;;;;;;;;;;;;;;;;;;;;;;;;;;;;;;;;;;;;;;;;;;;;;;;;;;;;;;;;;;;;;;;;;;;;;;;;;;;;;;;;;;;;;;;;;;;;;;;;;;;;;;;;;;;;;;;;;;;;;;;;;;;
548;0;17;18;26;33;2;5;28;33;9;11;30;15;10;29;9;14;22;19;3;1;30;26;29;19;28;12;16;27;5;11;5;16;34;5;14;14;31;7;18;9;1;26;3;10;17;17;4;34;26;33;4;25;10;19;32;10;25;6;11;33;15;18;10;4;15;22;16;27;13;21;27;32;15;2;25;18;30;16;13;3;16;22;27;29;8;21;28;9;12;29;20;18;23;18;34;26;2;6;19;28;3;24;26;27;30;7;19;28;13;7;17;3;8;30;23;30;29;30;11;17;21;10;32;1;29;22;9;25;15;29;34;10;16;8;24;22;29;28;34;33;31;6;2;17;12;31;28;15;20;21;31;1;17;23;16;32;33;29;16;31;3;23;10;9;24;27;31;8;30;29;11;3;27;29;16;6;5;13;26;11;2;24;26;7;20;14;18;1;22;9;19;15;21;4;13;22;27;13;1;25;18;23;6;15;31;30;11;22;3;28;10;12;33;19;30;7;26;34;3;9;5;9;11;3;31;9;32;26;6;24;27;5;5;13;3;15;17;23;20;16;8;20;16;29;24;25;20;13;10;16;20;13;5;4;2;7;14;10;7;11;25;11;32;20;5;34;30;27;6;27;24;26;25;21;12;32;34;24;13;18;20;3;4;17;20;8;9;5;32;18;10;27;33;11;31;27;27;18;31;6;3;33;17;14;25;11;22;29;28;5;33;25;24;7;32;14;33;8;4;29;20;14;34;34;1;22;28;24;21;18;19;11;5;14;24;32;33;7;2;34;23;26;28;13;30;22;22;13;12;13;25;18;1;1;7;17;21;34;27;10;18;26;31;16;25;8;16;31;13;1;27;11;15;34;14;9;8;29;8;21;9;28;25;22;15;13;33;26;14;1;5;16;16;13;34;17;27;5;13;8;5;20;5;14;24;27;20;21;11;30;7;25;4;21;9;10;12;27;27;9;19;3;31;33;13;19;19;27;3;18;29;21;19;2;32;7;12;23;16;20;21;6;1;33;28;6;23;18;26;5;24;25;34;10;15;5;1;2;16;6;26;7;22;19;12;16;34;33;10;33;8;28;12;23;23;29;13;32;30;1;4;5;22;13;6;4;32;21;2;9;23;9;26;10;22;4;28;26;19;23;3;21;16;2;1;15;25;24;6;6;9;14;5;1;13;3;7;8;14;15;2;16;31;31;5;11;23;1;20;29;27;3;10;4;18;33;28;26;26;12;34;5;5;14;16;12;16;;;;;;;;;;;;;;;;;;;;;;;;;;;;;;;;;;;;;;;;;;;;;;;;;;;;;;;;;;;;;;;;;;;;;;;;;;;;;;;;;;;;;;;;;;;;;;;;;;;;;;;;;;;;;;;;;;;;;;;;;;;;;;;;;;;;;;;;;;;;;;;;;;;;;;;;;;;;;;;;;;;;;;;;;;;;;;;;;;;;;;;;;;;;;;;;;;;;;;;;;;;;;;;;;;;;;;;;;;;;;;;;;;;;;;;;;;;;;;;;;;;;;;;;;;;;;;;;;;;;;;;;;;;;;;;;;;;;;;;;;;;;;;;;;;;;;;;;;;;;;;;;;;;;;;;;;;;;;;;;;;;;;;;;;;;;;;;;;;;;;;;;;;;;;;;;;;;;;;;;;;;;;;;;;;;;;;;;;;;;;;;;;;;;;;;;;;;;;;;;;;;;;;;;;;;;;;;;;;;;;;;;;;;;;;;;;;;;;;;;;;;;;;;;;;;;;
561;0;17;18;26;33;2;5;28;33;9;11;30;15;10;29;9;14;22;19;3;1;30;26;29;19;28;12;16;27;5;11;5;16;34;5;14;14;31;7;18;9;1;26;3;10;17;17;4;34;26;33;4;25;10;19;32;10;25;6;11;33;15;18;10;4;15;22;16;27;13;21;27;32;15;2;25;18;30;16;13;3;16;22;27;29;8;21;28;9;12;29;20;18;23;18;34;26;2;6;19;28;3;24;26;27;30;7;19;28;13;7;17;3;8;30;23;30;29;30;11;17;21;10;32;1;29;22;9;25;15;29;34;10;16;8;24;22;29;28;34;33;31;6;2;17;12;31;28;15;20;21;31;1;17;23;16;32;33;29;16;31;3;23;10;9;24;27;31;8;30;29;11;3;27;29;16;6;5;13;26;11;2;24;26;7;20;14;18;1;22;9;19;15;21;4;13;22;27;13;1;25;18;23;6;15;31;30;11;22;3;28;10;12;33;19;30;7;26;34;3;9;5;9;11;3;31;9;32;26;6;24;27;5;5;13;3;15;17;23;20;16;8;20;16;29;24;25;20;13;10;16;20;13;5;4;2;7;14;10;7;11;25;11;32;20;5;34;30;27;6;27;24;26;25;21;12;32;34;24;13;18;20;3;4;17;20;8;9;5;32;18;10;27;33;11;31;27;27;18;31;6;3;33;17;14;25;11;22;29;28;5;33;25;24;7;32;14;33;8;4;29;20;14;34;34;1;22;28;24;21;18;19;11;5;14;24;32;33;7;2;34;23;26;28;13;30;22;22;13;12;13;25;18;1;1;7;17;21;34;27;10;18;26;31;16;25;8;16;31;13;1;27;11;15;34;14;9;8;29;8;21;9;28;25;22;15;13;33;26;14;1;5;16;16;13;34;17;27;5;13;8;5;20;5;14;24;27;20;21;11;30;7;25;4;21;9;10;12;27;27;9;19;3;31;33;13;19;19;27;3;18;29;21;19;2;32;7;12;23;16;20;21;6;1;33;28;6;23;18;26;5;24;25;34;10;15;5;1;2;16;6;26;7;22;19;12;16;34;33;10;33;8;28;12;23;23;29;13;32;30;1;4;5;22;13;6;4;32;21;2;9;23;9;26;10;22;4;28;26;19;23;3;21;16;2;1;15;25;24;6;6;9;14;5;1;13;3;7;8;14;15;2;16;31;31;5;11;23;1;20;29;27;3;10;4;18;33;28;26;26;12;34;5;5;14;16;12;16;30;16;15;22;3;31;32;1;22;34;4;6;4;;;;;;;;;;;;;;;;;;;;;;;;;;;;;;;;;;;;;;;;;;;;;;;;;;;;;;;;;;;;;;;;;;;;;;;;;;;;;;;;;;;;;;;;;;;;;;;;;;;;;;;;;;;;;;;;;;;;;;;;;;;;;;;;;;;;;;;;;;;;;;;;;;;;;;;;;;;;;;;;;;;;;;;;;;;;;;;;;;;;;;;;;;;;;;;;;;;;;;;;;;;;;;;;;;;;;;;;;;;;;;;;;;;;;;;;;;;;;;;;;;;;;;;;;;;;;;;;;;;;;;;;;;;;;;;;;;;;;;;;;;;;;;;;;;;;;;;;;;;;;;;;;;;;;;;;;;;;;;;;;;;;;;;;;;;;;;;;;;;;;;;;;;;;;;;;;;;;;;;;;;;;;;;;;;;;;;;;;;;;;;;;;;;;;;;;;;;;;;;;;;;;;;;;;;;;;;;;;;;;;;;;;;;;;;;;;;;;;;;;
573;0;17;18;26;33;2;5;28;33;9;11;30;15;10;29;9;14;22;19;3;1;30;26;29;19;28;12;16;27;5;11;5;16;34;5;14;14;31;7;18;9;1;26;3;10;17;17;4;34;26;33;4;25;10;19;32;10;25;6;11;33;15;18;10;4;15;22;16;27;13;21;27;32;15;2;25;18;30;16;13;3;16;22;27;29;8;21;28;9;12;29;20;18;23;18;34;26;2;6;19;28;3;24;26;27;30;7;19;28;13;7;17;3;8;30;23;30;29;30;11;17;21;10;32;1;29;22;9;25;15;29;34;10;16;8;24;22;29;28;34;33;31;6;2;17;12;31;28;15;20;21;31;1;17;23;16;32;33;29;16;31;3;23;10;9;24;27;31;8;30;29;11;3;27;29;16;6;5;13;26;11;2;24;26;7;20;14;18;1;22;9;19;15;21;4;13;22;27;13;1;25;18;23;6;15;31;30;11;22;3;28;10;12;33;19;30;7;26;34;3;9;5;9;11;3;31;9;32;26;6;24;27;5;5;13;3;15;17;23;20;16;8;20;16;29;24;25;20;13;10;16;20;13;5;4;2;7;14;10;7;11;25;11;32;20;5;34;30;27;6;27;24;26;25;21;12;32;34;24;13;18;20;3;4;17;20;8;9;5;32;18;10;27;33;11;31;27;27;18;31;6;3;33;17;14;25;11;22;29;28;5;33;25;24;7;32;14;33;8;4;29;20;14;34;34;1;22;28;24;21;18;19;11;5;14;24;32;33;7;2;34;23;26;28;13;30;22;22;13;12;13;25;18;1;1;7;17;21;34;27;10;18;26;31;16;25;8;16;31;13;1;27;11;15;34;14;9;8;29;8;21;9;28;25;22;15;13;33;26;14;1;5;16;16;13;34;17;27;5;13;8;5;20;5;14;24;27;20;21;11;30;7;25;4;21;9;10;12;27;27;9;19;3;31;33;13;19;19;27;3;18;29;21;19;2;32;7;12;23;16;20;21;6;1;33;28;6;23;18;26;5;24;25;34;10;15;5;1;2;16;6;26;7;22;19;12;16;34;33;10;33;8;28;12;23;23;29;13;32;30;1;4;5;22;13;6;4;32;21;2;9;23;9;26;10;22;4;28;26;19;23;3;21;16;2;1;15;25;24;6;6;9;14;5;1;13;3;7;8;14;15;2;16;31;31;5;11;23;1;20;29;27;3;10;4;18;33;28;26;26;12;34;5;5;14;16;12;16;30;16;15;22;3;31;32;1;22;34;4;6;4;32;16;33;4;24;22;19;21;5;2;22;28;;;;;;;;;;;;;;;;;;;;;;;;;;;;;;;;;;;;;;;;;;;;;;;;;;;;;;;;;;;;;;;;;;;;;;;;;;;;;;;;;;;;;;;;;;;;;;;;;;;;;;;;;;;;;;;;;;;;;;;;;;;;;;;;;;;;;;;;;;;;;;;;;;;;;;;;;;;;;;;;;;;;;;;;;;;;;;;;;;;;;;;;;;;;;;;;;;;;;;;;;;;;;;;;;;;;;;;;;;;;;;;;;;;;;;;;;;;;;;;;;;;;;;;;;;;;;;;;;;;;;;;;;;;;;;;;;;;;;;;;;;;;;;;;;;;;;;;;;;;;;;;;;;;;;;;;;;;;;;;;;;;;;;;;;;;;;;;;;;;;;;;;;;;;;;;;;;;;;;;;;;;;;;;;;;;;;;;;;;;;;;;;;;;;;;;;;;;;;;;;;;;;;;;;;;;;;;;;;;;;;;;;;;;;
586;0;17;18;26;33;2;5;28;33;9;11;30;15;10;29;9;14;22;19;3;1;30;26;29;19;28;12;16;27;5;11;5;16;34;5;14;14;31;7;18;9;1;26;3;10;17;17;4;34;26;33;4;25;10;19;32;10;25;6;11;33;15;18;10;4;15;22;16;27;13;21;27;32;15;2;25;18;30;16;13;3;16;22;27;29;8;21;28;9;12;29;20;18;23;18;34;26;2;6;19;28;3;24;26;27;30;7;19;28;13;7;17;3;8;30;23;30;29;30;11;17;21;10;32;1;29;22;9;25;15;29;34;10;16;8;24;22;29;28;34;33;31;6;2;17;12;31;28;15;20;21;31;1;17;23;16;32;33;29;16;31;3;23;10;9;24;27;31;8;30;29;11;3;27;29;16;6;5;13;26;11;2;24;26;7;20;14;18;1;22;9;19;15;21;4;13;22;27;13;1;25;18;23;6;15;31;30;11;22;3;28;10;12;33;19;30;7;26;34;3;9;5;9;11;3;31;9;32;26;6;24;27;5;5;13;3;15;17;23;20;16;8;20;16;29;24;25;20;13;10;16;20;13;5;4;2;7;14;10;7;11;25;11;32;20;5;34;30;27;6;27;24;26;25;21;12;32;34;24;13;18;20;3;4;17;20;8;9;5;32;18;10;27;33;11;31;27;27;18;31;6;3;33;17;14;25;11;22;29;28;5;33;25;24;7;32;14;33;8;4;29;20;14;34;34;1;22;28;24;21;18;19;11;5;14;24;32;33;7;2;34;23;26;28;13;30;22;22;13;12;13;25;18;1;1;7;17;21;34;27;10;18;26;31;16;25;8;16;31;13;1;27;11;15;34;14;9;8;29;8;21;9;28;25;22;15;13;33;26;14;1;5;16;16;13;34;17;27;5;13;8;5;20;5;14;24;27;20;21;11;30;7;25;4;21;9;10;12;27;27;9;19;3;31;33;13;19;19;27;3;18;29;21;19;2;32;7;12;23;16;20;21;6;1;33;28;6;23;18;26;5;24;25;34;10;15;5;1;2;16;6;26;7;22;19;12;16;34;33;10;33;8;28;12;23;23;29;13;32;30;1;4;5;22;13;6;4;32;21;2;9;23;9;26;10;22;4;28;26;19;23;3;21;16;2;1;15;25;24;6;6;9;14;5;1;13;3;7;8;14;15;2;16;31;31;5;11;23;1;20;29;27;3;10;4;18;33;28;26;26;12;34;5;5;14;16;12;16;30;16;15;22;3;31;32;1;22;34;4;6;4;32;16;33;4;24;22;19;21;5;2;22;28;31;27;16;32;2;23;18;24;30;6;27;1;16;;;;;;;;;;;;;;;;;;;;;;;;;;;;;;;;;;;;;;;;;;;;;;;;;;;;;;;;;;;;;;;;;;;;;;;;;;;;;;;;;;;;;;;;;;;;;;;;;;;;;;;;;;;;;;;;;;;;;;;;;;;;;;;;;;;;;;;;;;;;;;;;;;;;;;;;;;;;;;;;;;;;;;;;;;;;;;;;;;;;;;;;;;;;;;;;;;;;;;;;;;;;;;;;;;;;;;;;;;;;;;;;;;;;;;;;;;;;;;;;;;;;;;;;;;;;;;;;;;;;;;;;;;;;;;;;;;;;;;;;;;;;;;;;;;;;;;;;;;;;;;;;;;;;;;;;;;;;;;;;;;;;;;;;;;;;;;;;;;;;;;;;;;;;;;;;;;;;;;;;;;;;;;;;;;;;;;;;;;;;;;;;;;;;;;;;;;;;;;;;;;;;;;;;;;;;;;;
599;0;17;18;26;33;2;5;28;33;9;11;30;15;10;29;9;14;22;19;3;1;30;26;29;19;28;12;16;27;5;11;5;16;34;5;14;14;31;7;18;9;1;26;3;10;17;17;4;34;26;33;4;25;10;19;32;10;25;6;11;33;15;18;10;4;15;22;16;27;13;21;27;32;15;2;25;18;30;16;13;3;16;22;27;29;8;21;28;9;12;29;20;18;23;18;34;26;2;6;19;28;3;24;26;27;30;7;19;28;13;7;17;3;8;30;23;30;29;30;11;17;21;10;32;1;29;22;9;25;15;29;34;10;16;8;24;22;29;28;34;33;31;6;2;17;12;31;28;15;20;21;31;1;17;23;16;32;33;29;16;31;3;23;10;9;24;27;31;8;30;29;11;3;27;29;16;6;5;13;26;11;2;24;26;7;20;14;18;1;22;9;19;15;21;4;13;22;27;13;1;25;18;23;6;15;31;30;11;22;3;28;10;12;33;19;30;7;26;34;3;9;5;9;11;3;31;9;32;26;6;24;27;5;5;13;3;15;17;23;20;16;8;20;16;29;24;25;20;13;10;16;20;13;5;4;2;7;14;10;7;11;25;11;32;20;5;34;30;27;6;27;24;26;25;21;12;32;34;24;13;18;20;3;4;17;20;8;9;5;32;18;10;27;33;11;31;27;27;18;31;6;3;33;17;14;25;11;22;29;28;5;33;25;24;7;32;14;33;8;4;29;20;14;34;34;1;22;28;24;21;18;19;11;5;14;24;32;33;7;2;34;23;26;28;13;30;22;22;13;12;13;25;18;1;1;7;17;21;34;27;10;18;26;31;16;25;8;16;31;13;1;27;11;15;34;14;9;8;29;8;21;9;28;25;22;15;13;33;26;14;1;5;16;16;13;34;17;27;5;13;8;5;20;5;14;24;27;20;21;11;30;7;25;4;21;9;10;12;27;27;9;19;3;31;33;13;19;19;27;3;18;29;21;19;2;32;7;12;23;16;20;21;6;1;33;28;6;23;18;26;5;24;25;34;10;15;5;1;2;16;6;26;7;22;19;12;16;34;33;10;33;8;28;12;23;23;29;13;32;30;1;4;5;22;13;6;4;32;21;2;9;23;9;26;10;22;4;28;26;19;23;3;21;16;2;1;15;25;24;6;6;9;14;5;1;13;3;7;8;14;15;2;16;31;31;5;11;23;1;20;29;27;3;10;4;18;33;28;26;26;12;34;5;5;14;16;12;16;30;16;15;22;3;31;32;1;22;34;4;6;4;32;16;33;4;24;22;19;21;5;2;22;28;31;27;16;32;2;23;18;24;30;6;27;1;16;3;9;33;14;22;33;33;4;12;34;26;15;3;;;;;;;;;;;;;;;;;;;;;;;;;;;;;;;;;;;;;;;;;;;;;;;;;;;;;;;;;;;;;;;;;;;;;;;;;;;;;;;;;;;;;;;;;;;;;;;;;;;;;;;;;;;;;;;;;;;;;;;;;;;;;;;;;;;;;;;;;;;;;;;;;;;;;;;;;;;;;;;;;;;;;;;;;;;;;;;;;;;;;;;;;;;;;;;;;;;;;;;;;;;;;;;;;;;;;;;;;;;;;;;;;;;;;;;;;;;;;;;;;;;;;;;;;;;;;;;;;;;;;;;;;;;;;;;;;;;;;;;;;;;;;;;;;;;;;;;;;;;;;;;;;;;;;;;;;;;;;;;;;;;;;;;;;;;;;;;;;;;;;;;;;;;;;;;;;;;;;;;;;;;;;;;;;;;;;;;;;;;;;;;;;;;;;;;;;;;;;;;;;;
613;0;17;18;26;33;2;5;28;33;9;11;30;15;10;29;9;14;22;19;3;1;30;26;29;19;28;12;16;27;5;11;5;16;34;5;14;14;31;7;18;9;1;26;3;10;17;17;4;34;26;33;4;25;10;19;32;10;25;6;11;33;15;18;10;4;15;22;16;27;13;21;27;32;15;2;25;18;30;16;13;3;16;22;27;29;8;21;28;9;12;29;20;18;23;18;34;26;2;6;19;28;3;24;26;27;30;7;19;28;13;7;17;3;8;30;23;30;29;30;11;17;21;10;32;1;29;22;9;25;15;29;34;10;16;8;24;22;29;28;34;33;31;6;2;17;12;31;28;15;20;21;31;1;17;23;16;32;33;29;16;31;3;23;10;9;24;27;31;8;30;29;11;3;27;29;16;6;5;13;26;11;2;24;26;7;20;14;18;1;22;9;19;15;21;4;13;22;27;13;1;25;18;23;6;15;31;30;11;22;3;28;10;12;33;19;30;7;26;34;3;9;5;9;11;3;31;9;32;26;6;24;27;5;5;13;3;15;17;23;20;16;8;20;16;29;24;25;20;13;10;16;20;13;5;4;2;7;14;10;7;11;25;11;32;20;5;34;30;27;6;27;24;26;25;21;12;32;34;24;13;18;20;3;4;17;20;8;9;5;32;18;10;27;33;11;31;27;27;18;31;6;3;33;17;14;25;11;22;29;28;5;33;25;24;7;32;14;33;8;4;29;20;14;34;34;1;22;28;24;21;18;19;11;5;14;24;32;33;7;2;34;23;26;28;13;30;22;22;13;12;13;25;18;1;1;7;17;21;34;27;10;18;26;31;16;25;8;16;31;13;1;27;11;15;34;14;9;8;29;8;21;9;28;25;22;15;13;33;26;14;1;5;16;16;13;34;17;27;5;13;8;5;20;5;14;24;27;20;21;11;30;7;25;4;21;9;10;12;27;27;9;19;3;31;33;13;19;19;27;3;18;29;21;19;2;32;7;12;23;16;20;21;6;1;33;28;6;23;18;26;5;24;25;34;10;15;5;1;2;16;6;26;7;22;19;12;16;34;33;10;33;8;28;12;23;23;29;13;32;30;1;4;5;22;13;6;4;32;21;2;9;23;9;26;10;22;4;28;26;19;23;3;21;16;2;1;15;25;24;6;6;9;14;5;1;13;3;7;8;14;15;2;16;31;31;5;11;23;1;20;29;27;3;10;4;18;33;28;26;26;12;34;5;5;14;16;12;16;30;16;15;22;3;31;32;1;22;34;4;6;4;32;16;33;4;24;22;19;21;5;2;22;28;31;27;16;32;2;23;18;24;30;6;27;1;16;3;9;33;14;22;33;33;4;12;34;26;15;3;23;6;31;10;16;19;17;19;28;17;12;15;28;20;;;;;;;;;;;;;;;;;;;;;;;;;;;;;;;;;;;;;;;;;;;;;;;;;;;;;;;;;;;;;;;;;;;;;;;;;;;;;;;;;;;;;;;;;;;;;;;;;;;;;;;;;;;;;;;;;;;;;;;;;;;;;;;;;;;;;;;;;;;;;;;;;;;;;;;;;;;;;;;;;;;;;;;;;;;;;;;;;;;;;;;;;;;;;;;;;;;;;;;;;;;;;;;;;;;;;;;;;;;;;;;;;;;;;;;;;;;;;;;;;;;;;;;;;;;;;;;;;;;;;;;;;;;;;;;;;;;;;;;;;;;;;;;;;;;;;;;;;;;;;;;;;;;;;;;;;;;;;;;;;;;;;;;;;;;;;;;;;;;;;;;;;;;;;;;;;;;;;;;;;;;;;;;;;;;;;;;;;;;;;;;;;;;;
627;0;17;18;26;33;2;5;28;33;9;11;30;15;10;29;9;14;22;19;3;1;30;26;29;19;28;12;16;27;5;11;5;16;34;5;14;14;31;7;18;9;1;26;3;10;17;17;4;34;26;33;4;25;10;19;32;10;25;6;11;33;15;18;10;4;15;22;16;27;13;21;27;32;15;2;25;18;30;16;13;3;16;22;27;29;8;21;28;9;12;29;20;18;23;18;34;26;2;6;19;28;3;24;26;27;30;7;19;28;13;7;17;3;8;30;23;30;29;30;11;17;21;10;32;1;29;22;9;25;15;29;34;10;16;8;24;22;29;28;34;33;31;6;2;17;12;31;28;15;20;21;31;1;17;23;16;32;33;29;16;31;3;23;10;9;24;27;31;8;30;29;11;3;27;29;16;6;5;13;26;11;2;24;26;7;20;14;18;1;22;9;19;15;21;4;13;22;27;13;1;25;18;23;6;15;31;30;11;22;3;28;10;12;33;19;30;7;26;34;3;9;5;9;11;3;31;9;32;26;6;24;27;5;5;13;3;15;17;23;20;16;8;20;16;29;24;25;20;13;10;16;20;13;5;4;2;7;14;10;7;11;25;11;32;20;5;34;30;27;6;27;24;26;25;21;12;32;34;24;13;18;20;3;4;17;20;8;9;5;32;18;10;27;33;11;31;27;27;18;31;6;3;33;17;14;25;11;22;29;28;5;33;25;24;7;32;14;33;8;4;29;20;14;34;34;1;22;28;24;21;18;19;11;5;14;24;32;33;7;2;34;23;26;28;13;30;22;22;13;12;13;25;18;1;1;7;17;21;34;27;10;18;26;31;16;25;8;16;31;13;1;27;11;15;34;14;9;8;29;8;21;9;28;25;22;15;13;33;26;14;1;5;16;16;13;34;17;27;5;13;8;5;20;5;14;24;27;20;21;11;30;7;25;4;21;9;10;12;27;27;9;19;3;31;33;13;19;19;27;3;18;29;21;19;2;32;7;12;23;16;20;21;6;1;33;28;6;23;18;26;5;24;25;34;10;15;5;1;2;16;6;26;7;22;19;12;16;34;33;10;33;8;28;12;23;23;29;13;32;30;1;4;5;22;13;6;4;32;21;2;9;23;9;26;10;22;4;28;26;19;23;3;21;16;2;1;15;25;24;6;6;9;14;5;1;13;3;7;8;14;15;2;16;31;31;5;11;23;1;20;29;27;3;10;4;18;33;28;26;26;12;34;5;5;14;16;12;16;30;16;15;22;3;31;32;1;22;34;4;6;4;32;16;33;4;24;22;19;21;5;2;22;28;31;27;16;32;2;23;18;24;30;6;27;1;16;3;9;33;14;22;33;33;4;12;34;26;15;3;23;6;31;10;16;19;17;19;28;17;12;15;28;20;16;33;9;16;33;29;20;2;19;14;33;20;20;22;;;;;;;;;;;;;;;;;;;;;;;;;;;;;;;;;;;;;;;;;;;;;;;;;;;;;;;;;;;;;;;;;;;;;;;;;;;;;;;;;;;;;;;;;;;;;;;;;;;;;;;;;;;;;;;;;;;;;;;;;;;;;;;;;;;;;;;;;;;;;;;;;;;;;;;;;;;;;;;;;;;;;;;;;;;;;;;;;;;;;;;;;;;;;;;;;;;;;;;;;;;;;;;;;;;;;;;;;;;;;;;;;;;;;;;;;;;;;;;;;;;;;;;;;;;;;;;;;;;;;;;;;;;;;;;;;;;;;;;;;;;;;;;;;;;;;;;;;;;;;;;;;;;;;;;;;;;;;;;;;;;;;;;;;;;;;;;;;;;;;;;;;;;;;;;;;;;;;;;;;;;;;;;;;;;;;;
641;0;17;18;26;33;2;5;28;33;9;11;30;15;10;29;9;14;22;19;3;1;30;26;29;19;28;12;16;27;5;11;5;16;34;5;14;14;31;7;18;9;1;26;3;10;17;17;4;34;26;33;4;25;10;19;32;10;25;6;11;33;15;18;10;4;15;22;16;27;13;21;27;32;15;2;25;18;30;16;13;3;16;22;27;29;8;21;28;9;12;29;20;18;23;18;34;26;2;6;19;28;3;24;26;27;30;7;19;28;13;7;17;3;8;30;23;30;29;30;11;17;21;10;32;1;29;22;9;25;15;29;34;10;16;8;24;22;29;28;34;33;31;6;2;17;12;31;28;15;20;21;31;1;17;23;16;32;33;29;16;31;3;23;10;9;24;27;31;8;30;29;11;3;27;29;16;6;5;13;26;11;2;24;26;7;20;14;18;1;22;9;19;15;21;4;13;22;27;13;1;25;18;23;6;15;31;30;11;22;3;28;10;12;33;19;30;7;26;34;3;9;5;9;11;3;31;9;32;26;6;24;27;5;5;13;3;15;17;23;20;16;8;20;16;29;24;25;20;13;10;16;20;13;5;4;2;7;14;10;7;11;25;11;32;20;5;34;30;27;6;27;24;26;25;21;12;32;34;24;13;18;20;3;4;17;20;8;9;5;32;18;10;27;33;11;31;27;27;18;31;6;3;33;17;14;25;11;22;29;28;5;33;25;24;7;32;14;33;8;4;29;20;14;34;34;1;22;28;24;21;18;19;11;5;14;24;32;33;7;2;34;23;26;28;13;30;22;22;13;12;13;25;18;1;1;7;17;21;34;27;10;18;26;31;16;25;8;16;31;13;1;27;11;15;34;14;9;8;29;8;21;9;28;25;22;15;13;33;26;14;1;5;16;16;13;34;17;27;5;13;8;5;20;5;14;24;27;20;21;11;30;7;25;4;21;9;10;12;27;27;9;19;3;31;33;13;19;19;27;3;18;29;21;19;2;32;7;12;23;16;20;21;6;1;33;28;6;23;18;26;5;24;25;34;10;15;5;1;2;16;6;26;7;22;19;12;16;34;33;10;33;8;28;12;23;23;29;13;32;30;1;4;5;22;13;6;4;32;21;2;9;23;9;26;10;22;4;28;26;19;23;3;21;16;2;1;15;25;24;6;6;9;14;5;1;13;3;7;8;14;15;2;16;31;31;5;11;23;1;20;29;27;3;10;4;18;33;28;26;26;12;34;5;5;14;16;12;16;30;16;15;22;3;31;32;1;22;34;4;6;4;32;16;33;4;24;22;19;21;5;2;22;28;31;27;16;32;2;23;18;24;30;6;27;1;16;3;9;33;14;22;33;33;4;12;34;26;15;3;23;6;31;10;16;19;17;19;28;17;12;15;28;20;16;33;9;16;33;29;20;2;19;14;33;20;20;22;14;9;18;14;29;33;16;23;7;20;6;3;7;2;;;;;;;;;;;;;;;;;;;;;;;;;;;;;;;;;;;;;;;;;;;;;;;;;;;;;;;;;;;;;;;;;;;;;;;;;;;;;;;;;;;;;;;;;;;;;;;;;;;;;;;;;;;;;;;;;;;;;;;;;;;;;;;;;;;;;;;;;;;;;;;;;;;;;;;;;;;;;;;;;;;;;;;;;;;;;;;;;;;;;;;;;;;;;;;;;;;;;;;;;;;;;;;;;;;;;;;;;;;;;;;;;;;;;;;;;;;;;;;;;;;;;;;;;;;;;;;;;;;;;;;;;;;;;;;;;;;;;;;;;;;;;;;;;;;;;;;;;;;;;;;;;;;;;;;;;;;;;;;;;;;;;;;;;;;;;;;;;;;;;;;;;;;;;;;;;;;;;;;;
655;0;17;18;26;33;2;5;28;33;9;11;30;15;10;29;9;14;22;19;3;1;30;26;29;19;28;12;16;27;5;11;5;16;34;5;14;14;31;7;18;9;1;26;3;10;17;17;4;34;26;33;4;25;10;19;32;10;25;6;11;33;15;18;10;4;15;22;16;27;13;21;27;32;15;2;25;18;30;16;13;3;16;22;27;29;8;21;28;9;12;29;20;18;23;18;34;26;2;6;19;28;3;24;26;27;30;7;19;28;13;7;17;3;8;30;23;30;29;30;11;17;21;10;32;1;29;22;9;25;15;29;34;10;16;8;24;22;29;28;34;33;31;6;2;17;12;31;28;15;20;21;31;1;17;23;16;32;33;29;16;31;3;23;10;9;24;27;31;8;30;29;11;3;27;29;16;6;5;13;26;11;2;24;26;7;20;14;18;1;22;9;19;15;21;4;13;22;27;13;1;25;18;23;6;15;31;30;11;22;3;28;10;12;33;19;30;7;26;34;3;9;5;9;11;3;31;9;32;26;6;24;27;5;5;13;3;15;17;23;20;16;8;20;16;29;24;25;20;13;10;16;20;13;5;4;2;7;14;10;7;11;25;11;32;20;5;34;30;27;6;27;24;26;25;21;12;32;34;24;13;18;20;3;4;17;20;8;9;5;32;18;10;27;33;11;31;27;27;18;31;6;3;33;17;14;25;11;22;29;28;5;33;25;24;7;32;14;33;8;4;29;20;14;34;34;1;22;28;24;21;18;19;11;5;14;24;32;33;7;2;34;23;26;28;13;30;22;22;13;12;13;25;18;1;1;7;17;21;34;27;10;18;26;31;16;25;8;16;31;13;1;27;11;15;34;14;9;8;29;8;21;9;28;25;22;15;13;33;26;14;1;5;16;16;13;34;17;27;5;13;8;5;20;5;14;24;27;20;21;11;30;7;25;4;21;9;10;12;27;27;9;19;3;31;33;13;19;19;27;3;18;29;21;19;2;32;7;12;23;16;20;21;6;1;33;28;6;23;18;26;5;24;25;34;10;15;5;1;2;16;6;26;7;22;19;12;16;34;33;10;33;8;28;12;23;23;29;13;32;30;1;4;5;22;13;6;4;32;21;2;9;23;9;26;10;22;4;28;26;19;23;3;21;16;2;1;15;25;24;6;6;9;14;5;1;13;3;7;8;14;15;2;16;31;31;5;11;23;1;20;29;27;3;10;4;18;33;28;26;26;12;34;5;5;14;16;12;16;30;16;15;22;3;31;32;1;22;34;4;6;4;32;16;33;4;24;22;19;21;5;2;22;28;31;27;16;32;2;23;18;24;30;6;27;1;16;3;9;33;14;22;33;33;4;12;34;26;15;3;23;6;31;10;16;19;17;19;28;17;12;15;28;20;16;33;9;16;33;29;20;2;19;14;33;20;20;22;14;9;18;14;29;33;16;23;7;20;6;3;7;2;30;8;32;5;23;34;4;1;10;13;17;2;3;22;;;;;;;;;;;;;;;;;;;;;;;;;;;;;;;;;;;;;;;;;;;;;;;;;;;;;;;;;;;;;;;;;;;;;;;;;;;;;;;;;;;;;;;;;;;;;;;;;;;;;;;;;;;;;;;;;;;;;;;;;;;;;;;;;;;;;;;;;;;;;;;;;;;;;;;;;;;;;;;;;;;;;;;;;;;;;;;;;;;;;;;;;;;;;;;;;;;;;;;;;;;;;;;;;;;;;;;;;;;;;;;;;;;;;;;;;;;;;;;;;;;;;;;;;;;;;;;;;;;;;;;;;;;;;;;;;;;;;;;;;;;;;;;;;;;;;;;;;;;;;;;;;;;;;;;;;;;;;;;;;;;;;;;;;;;;;;;;;;;;;;;;;;
670;0;17;18;26;33;2;5;28;33;9;11;30;15;10;29;9;14;22;19;3;1;30;26;29;19;28;12;16;27;5;11;5;16;34;5;14;14;31;7;18;9;1;26;3;10;17;17;4;34;26;33;4;25;10;19;32;10;25;6;11;33;15;18;10;4;15;22;16;27;13;21;27;32;15;2;25;18;30;16;13;3;16;22;27;29;8;21;28;9;12;29;20;18;23;18;34;26;2;6;19;28;3;24;26;27;30;7;19;28;13;7;17;3;8;30;23;30;29;30;11;17;21;10;32;1;29;22;9;25;15;29;34;10;16;8;24;22;29;28;34;33;31;6;2;17;12;31;28;15;20;21;31;1;17;23;16;32;33;29;16;31;3;23;10;9;24;27;31;8;30;29;11;3;27;29;16;6;5;13;26;11;2;24;26;7;20;14;18;1;22;9;19;15;21;4;13;22;27;13;1;25;18;23;6;15;31;30;11;22;3;28;10;12;33;19;30;7;26;34;3;9;5;9;11;3;31;9;32;26;6;24;27;5;5;13;3;15;17;23;20;16;8;20;16;29;24;25;20;13;10;16;20;13;5;4;2;7;14;10;7;11;25;11;32;20;5;34;30;27;6;27;24;26;25;21;12;32;34;24;13;18;20;3;4;17;20;8;9;5;32;18;10;27;33;11;31;27;27;18;31;6;3;33;17;14;25;11;22;29;28;5;33;25;24;7;32;14;33;8;4;29;20;14;34;34;1;22;28;24;21;18;19;11;5;14;24;32;33;7;2;34;23;26;28;13;30;22;22;13;12;13;25;18;1;1;7;17;21;34;27;10;18;26;31;16;25;8;16;31;13;1;27;11;15;34;14;9;8;29;8;21;9;28;25;22;15;13;33;26;14;1;5;16;16;13;34;17;27;5;13;8;5;20;5;14;24;27;20;21;11;30;7;25;4;21;9;10;12;27;27;9;19;3;31;33;13;19;19;27;3;18;29;21;19;2;32;7;12;23;16;20;21;6;1;33;28;6;23;18;26;5;24;25;34;10;15;5;1;2;16;6;26;7;22;19;12;16;34;33;10;33;8;28;12;23;23;29;13;32;30;1;4;5;22;13;6;4;32;21;2;9;23;9;26;10;22;4;28;26;19;23;3;21;16;2;1;15;25;24;6;6;9;14;5;1;13;3;7;8;14;15;2;16;31;31;5;11;23;1;20;29;27;3;10;4;18;33;28;26;26;12;34;5;5;14;16;12;16;30;16;15;22;3;31;32;1;22;34;4;6;4;32;16;33;4;24;22;19;21;5;2;22;28;31;27;16;32;2;23;18;24;30;6;27;1;16;3;9;33;14;22;33;33;4;12;34;26;15;3;23;6;31;10;16;19;17;19;28;17;12;15;28;20;16;33;9;16;33;29;20;2;19;14;33;20;20;22;14;9;18;14;29;33;16;23;7;20;6;3;7;2;30;8;32;5;23;34;4;1;10;13;17;2;3;22;4;2;14;3;6;3;17;10;29;20;12;28;7;10;5;;;;;;;;;;;;;;;;;;;;;;;;;;;;;;;;;;;;;;;;;;;;;;;;;;;;;;;;;;;;;;;;;;;;;;;;;;;;;;;;;;;;;;;;;;;;;;;;;;;;;;;;;;;;;;;;;;;;;;;;;;;;;;;;;;;;;;;;;;;;;;;;;;;;;;;;;;;;;;;;;;;;;;;;;;;;;;;;;;;;;;;;;;;;;;;;;;;;;;;;;;;;;;;;;;;;;;;;;;;;;;;;;;;;;;;;;;;;;;;;;;;;;;;;;;;;;;;;;;;;;;;;;;;;;;;;;;;;;;;;;;;;;;;;;;;;;;;;;;;;;;;;;;;;;;;;;;;;;;;;;;;;;;;;;;;
685;0;17;18;26;33;2;5;28;33;9;11;30;15;10;29;9;14;22;19;3;1;30;26;29;19;28;12;16;27;5;11;5;16;34;5;14;14;31;7;18;9;1;26;3;10;17;17;4;34;26;33;4;25;10;19;32;10;25;6;11;33;15;18;10;4;15;22;16;27;13;21;27;32;15;2;25;18;30;16;13;3;16;22;27;29;8;21;28;9;12;29;20;18;23;18;34;26;2;6;19;28;3;24;26;27;30;7;19;28;13;7;17;3;8;30;23;30;29;30;11;17;21;10;32;1;29;22;9;25;15;29;34;10;16;8;24;22;29;28;34;33;31;6;2;17;12;31;28;15;20;21;31;1;17;23;16;32;33;29;16;31;3;23;10;9;24;27;31;8;30;29;11;3;27;29;16;6;5;13;26;11;2;24;26;7;20;14;18;1;22;9;19;15;21;4;13;22;27;13;1;25;18;23;6;15;31;30;11;22;3;28;10;12;33;19;30;7;26;34;3;9;5;9;11;3;31;9;32;26;6;24;27;5;5;13;3;15;17;23;20;16;8;20;16;29;24;25;20;13;10;16;20;13;5;4;2;7;14;10;7;11;25;11;32;20;5;34;30;27;6;27;24;26;25;21;12;32;34;24;13;18;20;3;4;17;20;8;9;5;32;18;10;27;33;11;31;27;27;18;31;6;3;33;17;14;25;11;22;29;28;5;33;25;24;7;32;14;33;8;4;29;20;14;34;34;1;22;28;24;21;18;19;11;5;14;24;32;33;7;2;34;23;26;28;13;30;22;22;13;12;13;25;18;1;1;7;17;21;34;27;10;18;26;31;16;25;8;16;31;13;1;27;11;15;34;14;9;8;29;8;21;9;28;25;22;15;13;33;26;14;1;5;16;16;13;34;17;27;5;13;8;5;20;5;14;24;27;20;21;11;30;7;25;4;21;9;10;12;27;27;9;19;3;31;33;13;19;19;27;3;18;29;21;19;2;32;7;12;23;16;20;21;6;1;33;28;6;23;18;26;5;24;25;34;10;15;5;1;2;16;6;26;7;22;19;12;16;34;33;10;33;8;28;12;23;23;29;13;32;30;1;4;5;22;13;6;4;32;21;2;9;23;9;26;10;22;4;28;26;19;23;3;21;16;2;1;15;25;24;6;6;9;14;5;1;13;3;7;8;14;15;2;16;31;31;5;11;23;1;20;29;27;3;10;4;18;33;28;26;26;12;34;5;5;14;16;12;16;30;16;15;22;3;31;32;1;22;34;4;6;4;32;16;33;4;24;22;19;21;5;2;22;28;31;27;16;32;2;23;18;24;30;6;27;1;16;3;9;33;14;22;33;33;4;12;34;26;15;3;23;6;31;10;16;19;17;19;28;17;12;15;28;20;16;33;9;16;33;29;20;2;19;14;33;20;20;22;14;9;18;14;29;33;16;23;7;20;6;3;7;2;30;8;32;5;23;34;4;1;10;13;17;2;3;22;4;2;14;3;6;3;17;10;29;20;12;28;7;10;5;10;14;29;13;26;29;5;25;28;12;29;28;7;6;22;;;;;;;;;;;;;;;;;;;;;;;;;;;;;;;;;;;;;;;;;;;;;;;;;;;;;;;;;;;;;;;;;;;;;;;;;;;;;;;;;;;;;;;;;;;;;;;;;;;;;;;;;;;;;;;;;;;;;;;;;;;;;;;;;;;;;;;;;;;;;;;;;;;;;;;;;;;;;;;;;;;;;;;;;;;;;;;;;;;;;;;;;;;;;;;;;;;;;;;;;;;;;;;;;;;;;;;;;;;;;;;;;;;;;;;;;;;;;;;;;;;;;;;;;;;;;;;;;;;;;;;;;;;;;;;;;;;;;;;;;;;;;;;;;;;;;;;;;;;;;;;;;;;;;;;;;;;;
701;0;17;18;26;33;2;5;28;33;9;11;30;15;10;29;9;14;22;19;3;1;30;26;29;19;28;12;16;27;5;11;5;16;34;5;14;14;31;7;18;9;1;26;3;10;17;17;4;34;26;33;4;25;10;19;32;10;25;6;11;33;15;18;10;4;15;22;16;27;13;21;27;32;15;2;25;18;30;16;13;3;16;22;27;29;8;21;28;9;12;29;20;18;23;18;34;26;2;6;19;28;3;24;26;27;30;7;19;28;13;7;17;3;8;30;23;30;29;30;11;17;21;10;32;1;29;22;9;25;15;29;34;10;16;8;24;22;29;28;34;33;31;6;2;17;12;31;28;15;20;21;31;1;17;23;16;32;33;29;16;31;3;23;10;9;24;27;31;8;30;29;11;3;27;29;16;6;5;13;26;11;2;24;26;7;20;14;18;1;22;9;19;15;21;4;13;22;27;13;1;25;18;23;6;15;31;30;11;22;3;28;10;12;33;19;30;7;26;34;3;9;5;9;11;3;31;9;32;26;6;24;27;5;5;13;3;15;17;23;20;16;8;20;16;29;24;25;20;13;10;16;20;13;5;4;2;7;14;10;7;11;25;11;32;20;5;34;30;27;6;27;24;26;25;21;12;32;34;24;13;18;20;3;4;17;20;8;9;5;32;18;10;27;33;11;31;27;27;18;31;6;3;33;17;14;25;11;22;29;28;5;33;25;24;7;32;14;33;8;4;29;20;14;34;34;1;22;28;24;21;18;19;11;5;14;24;32;33;7;2;34;23;26;28;13;30;22;22;13;12;13;25;18;1;1;7;17;21;34;27;10;18;26;31;16;25;8;16;31;13;1;27;11;15;34;14;9;8;29;8;21;9;28;25;22;15;13;33;26;14;1;5;16;16;13;34;17;27;5;13;8;5;20;5;14;24;27;20;21;11;30;7;25;4;21;9;10;12;27;27;9;19;3;31;33;13;19;19;27;3;18;29;21;19;2;32;7;12;23;16;20;21;6;1;33;28;6;23;18;26;5;24;25;34;10;15;5;1;2;16;6;26;7;22;19;12;16;34;33;10;33;8;28;12;23;23;29;13;32;30;1;4;5;22;13;6;4;32;21;2;9;23;9;26;10;22;4;28;26;19;23;3;21;16;2;1;15;25;24;6;6;9;14;5;1;13;3;7;8;14;15;2;16;31;31;5;11;23;1;20;29;27;3;10;4;18;33;28;26;26;12;34;5;5;14;16;12;16;30;16;15;22;3;31;32;1;22;34;4;6;4;32;16;33;4;24;22;19;21;5;2;22;28;31;27;16;32;2;23;18;24;30;6;27;1;16;3;9;33;14;22;33;33;4;12;34;26;15;3;23;6;31;10;16;19;17;19;28;17;12;15;28;20;16;33;9;16;33;29;20;2;19;14;33;20;20;22;14;9;18;14;29;33;16;23;7;20;6;3;7;2;30;8;32;5;23;34;4;1;10;13;17;2;3;22;4;2;14;3;6;3;17;10;29;20;12;28;7;10;5;10;14;29;13;26;29;5;25;28;12;29;28;7;6;22;15;7;34;9;6;17;13;18;11;17;16;19;31;8;15;27;;;;;;;;;;;;;;;;;;;;;;;;;;;;;;;;;;;;;;;;;;;;;;;;;;;;;;;;;;;;;;;;;;;;;;;;;;;;;;;;;;;;;;;;;;;;;;;;;;;;;;;;;;;;;;;;;;;;;;;;;;;;;;;;;;;;;;;;;;;;;;;;;;;;;;;;;;;;;;;;;;;;;;;;;;;;;;;;;;;;;;;;;;;;;;;;;;;;;;;;;;;;;;;;;;;;;;;;;;;;;;;;;;;;;;;;;;;;;;;;;;;;;;;;;;;;;;;;;;;;;;;;;;;;;;;;;;;;;;;;;;;;;;;;;;;;;;;;;;;;
716;0;17;18;26;33;2;5;28;33;9;11;30;15;10;29;9;14;22;19;3;1;30;26;29;19;28;12;16;27;5;11;5;16;34;5;14;14;31;7;18;9;1;26;3;10;17;17;4;34;26;33;4;25;10;19;32;10;25;6;11;33;15;18;10;4;15;22;16;27;13;21;27;32;15;2;25;18;30;16;13;3;16;22;27;29;8;21;28;9;12;29;20;18;23;18;34;26;2;6;19;28;3;24;26;27;30;7;19;28;13;7;17;3;8;30;23;30;29;30;11;17;21;10;32;1;29;22;9;25;15;29;34;10;16;8;24;22;29;28;34;33;31;6;2;17;12;31;28;15;20;21;31;1;17;23;16;32;33;29;16;31;3;23;10;9;24;27;31;8;30;29;11;3;27;29;16;6;5;13;26;11;2;24;26;7;20;14;18;1;22;9;19;15;21;4;13;22;27;13;1;25;18;23;6;15;31;30;11;22;3;28;10;12;33;19;30;7;26;34;3;9;5;9;11;3;31;9;32;26;6;24;27;5;5;13;3;15;17;23;20;16;8;20;16;29;24;25;20;13;10;16;20;13;5;4;2;7;14;10;7;11;25;11;32;20;5;34;30;27;6;27;24;26;25;21;12;32;34;24;13;18;20;3;4;17;20;8;9;5;32;18;10;27;33;11;31;27;27;18;31;6;3;33;17;14;25;11;22;29;28;5;33;25;24;7;32;14;33;8;4;29;20;14;34;34;1;22;28;24;21;18;19;11;5;14;24;32;33;7;2;34;23;26;28;13;30;22;22;13;12;13;25;18;1;1;7;17;21;34;27;10;18;26;31;16;25;8;16;31;13;1;27;11;15;34;14;9;8;29;8;21;9;28;25;22;15;13;33;26;14;1;5;16;16;13;34;17;27;5;13;8;5;20;5;14;24;27;20;21;11;30;7;25;4;21;9;10;12;27;27;9;19;3;31;33;13;19;19;27;3;18;29;21;19;2;32;7;12;23;16;20;21;6;1;33;28;6;23;18;26;5;24;25;34;10;15;5;1;2;16;6;26;7;22;19;12;16;34;33;10;33;8;28;12;23;23;29;13;32;30;1;4;5;22;13;6;4;32;21;2;9;23;9;26;10;22;4;28;26;19;23;3;21;16;2;1;15;25;24;6;6;9;14;5;1;13;3;7;8;14;15;2;16;31;31;5;11;23;1;20;29;27;3;10;4;18;33;28;26;26;12;34;5;5;14;16;12;16;30;16;15;22;3;31;32;1;22;34;4;6;4;32;16;33;4;24;22;19;21;5;2;22;28;31;27;16;32;2;23;18;24;30;6;27;1;16;3;9;33;14;22;33;33;4;12;34;26;15;3;23;6;31;10;16;19;17;19;28;17;12;15;28;20;16;33;9;16;33;29;20;2;19;14;33;20;20;22;14;9;18;14;29;33;16;23;7;20;6;3;7;2;30;8;32;5;23;34;4;1;10;13;17;2;3;22;4;2;14;3;6;3;17;10;29;20;12;28;7;10;5;10;14;29;13;26;29;5;25;28;12;29;28;7;6;22;15;7;34;9;6;17;13;18;11;17;16;19;31;8;15;27;31;10;33;32;10;18;25;11;8;6;16;17;25;13;17;;;;;;;;;;;;;;;;;;;;;;;;;;;;;;;;;;;;;;;;;;;;;;;;;;;;;;;;;;;;;;;;;;;;;;;;;;;;;;;;;;;;;;;;;;;;;;;;;;;;;;;;;;;;;;;;;;;;;;;;;;;;;;;;;;;;;;;;;;;;;;;;;;;;;;;;;;;;;;;;;;;;;;;;;;;;;;;;;;;;;;;;;;;;;;;;;;;;;;;;;;;;;;;;;;;;;;;;;;;;;;;;;;;;;;;;;;;;;;;;;;;;;;;;;;;;;;;;;;;;;;;;;;;;;;;;;;;;;;;;;;;;;
733;0;17;18;26;33;2;5;28;33;9;11;30;15;10;29;9;14;22;19;3;1;30;26;29;19;28;12;16;27;5;11;5;16;34;5;14;14;31;7;18;9;1;26;3;10;17;17;4;34;26;33;4;25;10;19;32;10;25;6;11;33;15;18;10;4;15;22;16;27;13;21;27;32;15;2;25;18;30;16;13;3;16;22;27;29;8;21;28;9;12;29;20;18;23;18;34;26;2;6;19;28;3;24;26;27;30;7;19;28;13;7;17;3;8;30;23;30;29;30;11;17;21;10;32;1;29;22;9;25;15;29;34;10;16;8;24;22;29;28;34;33;31;6;2;17;12;31;28;15;20;21;31;1;17;23;16;32;33;29;16;31;3;23;10;9;24;27;31;8;30;29;11;3;27;29;16;6;5;13;26;11;2;24;26;7;20;14;18;1;22;9;19;15;21;4;13;22;27;13;1;25;18;23;6;15;31;30;11;22;3;28;10;12;33;19;30;7;26;34;3;9;5;9;11;3;31;9;32;26;6;24;27;5;5;13;3;15;17;23;20;16;8;20;16;29;24;25;20;13;10;16;20;13;5;4;2;7;14;10;7;11;25;11;32;20;5;34;30;27;6;27;24;26;25;21;12;32;34;24;13;18;20;3;4;17;20;8;9;5;32;18;10;27;33;11;31;27;27;18;31;6;3;33;17;14;25;11;22;29;28;5;33;25;24;7;32;14;33;8;4;29;20;14;34;34;1;22;28;24;21;18;19;11;5;14;24;32;33;7;2;34;23;26;28;13;30;22;22;13;12;13;25;18;1;1;7;17;21;34;27;10;18;26;31;16;25;8;16;31;13;1;27;11;15;34;14;9;8;29;8;21;9;28;25;22;15;13;33;26;14;1;5;16;16;13;34;17;27;5;13;8;5;20;5;14;24;27;20;21;11;30;7;25;4;21;9;10;12;27;27;9;19;3;31;33;13;19;19;27;3;18;29;21;19;2;32;7;12;23;16;20;21;6;1;33;28;6;23;18;26;5;24;25;34;10;15;5;1;2;16;6;26;7;22;19;12;16;34;33;10;33;8;28;12;23;23;29;13;32;30;1;4;5;22;13;6;4;32;21;2;9;23;9;26;10;22;4;28;26;19;23;3;21;16;2;1;15;25;24;6;6;9;14;5;1;13;3;7;8;14;15;2;16;31;31;5;11;23;1;20;29;27;3;10;4;18;33;28;26;26;12;34;5;5;14;16;12;16;30;16;15;22;3;31;32;1;22;34;4;6;4;32;16;33;4;24;22;19;21;5;2;22;28;31;27;16;32;2;23;18;24;30;6;27;1;16;3;9;33;14;22;33;33;4;12;34;26;15;3;23;6;31;10;16;19;17;19;28;17;12;15;28;20;16;33;9;16;33;29;20;2;19;14;33;20;20;22;14;9;18;14;29;33;16;23;7;20;6;3;7;2;30;8;32;5;23;34;4;1;10;13;17;2;3;22;4;2;14;3;6;3;17;10;29;20;12;28;7;10;5;10;14;29;13;26;29;5;25;28;12;29;28;7;6;22;15;7;34;9;6;17;13;18;11;17;16;19;31;8;15;27;31;10;33;32;10;18;25;11;8;6;16;17;25;13;17;22;26;17;7;2;18;29;20;2;4;29;11;28;6;32;6;23;;;;;;;;;;;;;;;;;;;;;;;;;;;;;;;;;;;;;;;;;;;;;;;;;;;;;;;;;;;;;;;;;;;;;;;;;;;;;;;;;;;;;;;;;;;;;;;;;;;;;;;;;;;;;;;;;;;;;;;;;;;;;;;;;;;;;;;;;;;;;;;;;;;;;;;;;;;;;;;;;;;;;;;;;;;;;;;;;;;;;;;;;;;;;;;;;;;;;;;;;;;;;;;;;;;;;;;;;;;;;;;;;;;;;;;;;;;;;;;;;;;;;;;;;;;;;;;;;;;;;;;;;;;;
749;0;17;18;26;33;2;5;28;33;9;11;30;15;10;29;9;14;22;19;3;1;30;26;29;19;28;12;16;27;5;11;5;16;34;5;14;14;31;7;18;9;1;26;3;10;17;17;4;34;26;33;4;25;10;19;32;10;25;6;11;33;15;18;10;4;15;22;16;27;13;21;27;32;15;2;25;18;30;16;13;3;16;22;27;29;8;21;28;9;12;29;20;18;23;18;34;26;2;6;19;28;3;24;26;27;30;7;19;28;13;7;17;3;8;30;23;30;29;30;11;17;21;10;32;1;29;22;9;25;15;29;34;10;16;8;24;22;29;28;34;33;31;6;2;17;12;31;28;15;20;21;31;1;17;23;16;32;33;29;16;31;3;23;10;9;24;27;31;8;30;29;11;3;27;29;16;6;5;13;26;11;2;24;26;7;20;14;18;1;22;9;19;15;21;4;13;22;27;13;1;25;18;23;6;15;31;30;11;22;3;28;10;12;33;19;30;7;26;34;3;9;5;9;11;3;31;9;32;26;6;24;27;5;5;13;3;15;17;23;20;16;8;20;16;29;24;25;20;13;10;16;20;13;5;4;2;7;14;10;7;11;25;11;32;20;5;34;30;27;6;27;24;26;25;21;12;32;34;24;13;18;20;3;4;17;20;8;9;5;32;18;10;27;33;11;31;27;27;18;31;6;3;33;17;14;25;11;22;29;28;5;33;25;24;7;32;14;33;8;4;29;20;14;34;34;1;22;28;24;21;18;19;11;5;14;24;32;33;7;2;34;23;26;28;13;30;22;22;13;12;13;25;18;1;1;7;17;21;34;27;10;18;26;31;16;25;8;16;31;13;1;27;11;15;34;14;9;8;29;8;21;9;28;25;22;15;13;33;26;14;1;5;16;16;13;34;17;27;5;13;8;5;20;5;14;24;27;20;21;11;30;7;25;4;21;9;10;12;27;27;9;19;3;31;33;13;19;19;27;3;18;29;21;19;2;32;7;12;23;16;20;21;6;1;33;28;6;23;18;26;5;24;25;34;10;15;5;1;2;16;6;26;7;22;19;12;16;34;33;10;33;8;28;12;23;23;29;13;32;30;1;4;5;22;13;6;4;32;21;2;9;23;9;26;10;22;4;28;26;19;23;3;21;16;2;1;15;25;24;6;6;9;14;5;1;13;3;7;8;14;15;2;16;31;31;5;11;23;1;20;29;27;3;10;4;18;33;28;26;26;12;34;5;5;14;16;12;16;30;16;15;22;3;31;32;1;22;34;4;6;4;32;16;33;4;24;22;19;21;5;2;22;28;31;27;16;32;2;23;18;24;30;6;27;1;16;3;9;33;14;22;33;33;4;12;34;26;15;3;23;6;31;10;16;19;17;19;28;17;12;15;28;20;16;33;9;16;33;29;20;2;19;14;33;20;20;22;14;9;18;14;29;33;16;23;7;20;6;3;7;2;30;8;32;5;23;34;4;1;10;13;17;2;3;22;4;2;14;3;6;3;17;10;29;20;12;28;7;10;5;10;14;29;13;26;29;5;25;28;12;29;28;7;6;22;15;7;34;9;6;17;13;18;11;17;16;19;31;8;15;27;31;10;33;32;10;18;25;11;8;6;16;17;25;13;17;22;26;17;7;2;18;29;20;2;4;29;11;28;6;32;6;23;16;6;12;16;8;15;5;22;33;13;16;23;32;7;6;13;;;;;;;;;;;;;;;;;;;;;;;;;;;;;;;;;;;;;;;;;;;;;;;;;;;;;;;;;;;;;;;;;;;;;;;;;;;;;;;;;;;;;;;;;;;;;;;;;;;;;;;;;;;;;;;;;;;;;;;;;;;;;;;;;;;;;;;;;;;;;;;;;;;;;;;;;;;;;;;;;;;;;;;;;;;;;;;;;;;;;;;;;;;;;;;;;;;;;;;;;;;;;;;;;;;;;;;;;;;;;;;;;;;;;;;;;;;;;;;;;;;;;;;;;;;;
766;0;17;18;26;33;2;5;28;33;9;11;30;15;10;29;9;14;22;19;3;1;30;26;29;19;28;12;16;27;5;11;5;16;34;5;14;14;31;7;18;9;1;26;3;10;17;17;4;34;26;33;4;25;10;19;32;10;25;6;11;33;15;18;10;4;15;22;16;27;13;21;27;32;15;2;25;18;30;16;13;3;16;22;27;29;8;21;28;9;12;29;20;18;23;18;34;26;2;6;19;28;3;24;26;27;30;7;19;28;13;7;17;3;8;30;23;30;29;30;11;17;21;10;32;1;29;22;9;25;15;29;34;10;16;8;24;22;29;28;34;33;31;6;2;17;12;31;28;15;20;21;31;1;17;23;16;32;33;29;16;31;3;23;10;9;24;27;31;8;30;29;11;3;27;29;16;6;5;13;26;11;2;24;26;7;20;14;18;1;22;9;19;15;21;4;13;22;27;13;1;25;18;23;6;15;31;30;11;22;3;28;10;12;33;19;30;7;26;34;3;9;5;9;11;3;31;9;32;26;6;24;27;5;5;13;3;15;17;23;20;16;8;20;16;29;24;25;20;13;10;16;20;13;5;4;2;7;14;10;7;11;25;11;32;20;5;34;30;27;6;27;24;26;25;21;12;32;34;24;13;18;20;3;4;17;20;8;9;5;32;18;10;27;33;11;31;27;27;18;31;6;3;33;17;14;25;11;22;29;28;5;33;25;24;7;32;14;33;8;4;29;20;14;34;34;1;22;28;24;21;18;19;11;5;14;24;32;33;7;2;34;23;26;28;13;30;22;22;13;12;13;25;18;1;1;7;17;21;34;27;10;18;26;31;16;25;8;16;31;13;1;27;11;15;34;14;9;8;29;8;21;9;28;25;22;15;13;33;26;14;1;5;16;16;13;34;17;27;5;13;8;5;20;5;14;24;27;20;21;11;30;7;25;4;21;9;10;12;27;27;9;19;3;31;33;13;19;19;27;3;18;29;21;19;2;32;7;12;23;16;20;21;6;1;33;28;6;23;18;26;5;24;25;34;10;15;5;1;2;16;6;26;7;22;19;12;16;34;33;10;33;8;28;12;23;23;29;13;32;30;1;4;5;22;13;6;4;32;21;2;9;23;9;26;10;22;4;28;26;19;23;3;21;16;2;1;15;25;24;6;6;9;14;5;1;13;3;7;8;14;15;2;16;31;31;5;11;23;1;20;29;27;3;10;4;18;33;28;26;26;12;34;5;5;14;16;12;16;30;16;15;22;3;31;32;1;22;34;4;6;4;32;16;33;4;24;22;19;21;5;2;22;28;31;27;16;32;2;23;18;24;30;6;27;1;16;3;9;33;14;22;33;33;4;12;34;26;15;3;23;6;31;10;16;19;17;19;28;17;12;15;28;20;16;33;9;16;33;29;20;2;19;14;33;20;20;22;14;9;18;14;29;33;16;23;7;20;6;3;7;2;30;8;32;5;23;34;4;1;10;13;17;2;3;22;4;2;14;3;6;3;17;10;29;20;12;28;7;10;5;10;14;29;13;26;29;5;25;28;12;29;28;7;6;22;15;7;34;9;6;17;13;18;11;17;16;19;31;8;15;27;31;10;33;32;10;18;25;11;8;6;16;17;25;13;17;22;26;17;7;2;18;29;20;2;4;29;11;28;6;32;6;23;16;6;12;16;8;15;5;22;33;13;16;23;32;7;6;13;33;19;3;15;34;5;8;33;2;24;19;29;32;13;11;33;21;;;;;;;;;;;;;;;;;;;;;;;;;;;;;;;;;;;;;;;;;;;;;;;;;;;;;;;;;;;;;;;;;;;;;;;;;;;;;;;;;;;;;;;;;;;;;;;;;;;;;;;;;;;;;;;;;;;;;;;;;;;;;;;;;;;;;;;;;;;;;;;;;;;;;;;;;;;;;;;;;;;;;;;;;;;;;;;;;;;;;;;;;;;;;;;;;;;;;;;;;;;;;;;;;;;;;;;;;;;;;;;;;;;;;;;;;;;
783;0;17;18;26;33;2;5;28;33;9;11;30;15;10;29;9;14;22;19;3;1;30;26;29;19;28;12;16;27;5;11;5;16;34;5;14;14;31;7;18;9;1;26;3;10;17;17;4;34;26;33;4;25;10;19;32;10;25;6;11;33;15;18;10;4;15;22;16;27;13;21;27;32;15;2;25;18;30;16;13;3;16;22;27;29;8;21;28;9;12;29;20;18;23;18;34;26;2;6;19;28;3;24;26;27;30;7;19;28;13;7;17;3;8;30;23;30;29;30;11;17;21;10;32;1;29;22;9;25;15;29;34;10;16;8;24;22;29;28;34;33;31;6;2;17;12;31;28;15;20;21;31;1;17;23;16;32;33;29;16;31;3;23;10;9;24;27;31;8;30;29;11;3;27;29;16;6;5;13;26;11;2;24;26;7;20;14;18;1;22;9;19;15;21;4;13;22;27;13;1;25;18;23;6;15;31;30;11;22;3;28;10;12;33;19;30;7;26;34;3;9;5;9;11;3;31;9;32;26;6;24;27;5;5;13;3;15;17;23;20;16;8;20;16;29;24;25;20;13;10;16;20;13;5;4;2;7;14;10;7;11;25;11;32;20;5;34;30;27;6;27;24;26;25;21;12;32;34;24;13;18;20;3;4;17;20;8;9;5;32;18;10;27;33;11;31;27;27;18;31;6;3;33;17;14;25;11;22;29;28;5;33;25;24;7;32;14;33;8;4;29;20;14;34;34;1;22;28;24;21;18;19;11;5;14;24;32;33;7;2;34;23;26;28;13;30;22;22;13;12;13;25;18;1;1;7;17;21;34;27;10;18;26;31;16;25;8;16;31;13;1;27;11;15;34;14;9;8;29;8;21;9;28;25;22;15;13;33;26;14;1;5;16;16;13;34;17;27;5;13;8;5;20;5;14;24;27;20;21;11;30;7;25;4;21;9;10;12;27;27;9;19;3;31;33;13;19;19;27;3;18;29;21;19;2;32;7;12;23;16;20;21;6;1;33;28;6;23;18;26;5;24;25;34;10;15;5;1;2;16;6;26;7;22;19;12;16;34;33;10;33;8;28;12;23;23;29;13;32;30;1;4;5;22;13;6;4;32;21;2;9;23;9;26;10;22;4;28;26;19;23;3;21;16;2;1;15;25;24;6;6;9;14;5;1;13;3;7;8;14;15;2;16;31;31;5;11;23;1;20;29;27;3;10;4;18;33;28;26;26;12;34;5;5;14;16;12;16;30;16;15;22;3;31;32;1;22;34;4;6;4;32;16;33;4;24;22;19;21;5;2;22;28;31;27;16;32;2;23;18;24;30;6;27;1;16;3;9;33;14;22;33;33;4;12;34;26;15;3;23;6;31;10;16;19;17;19;28;17;12;15;28;20;16;33;9;16;33;29;20;2;19;14;33;20;20;22;14;9;18;14;29;33;16;23;7;20;6;3;7;2;30;8;32;5;23;34;4;1;10;13;17;2;3;22;4;2;14;3;6;3;17;10;29;20;12;28;7;10;5;10;14;29;13;26;29;5;25;28;12;29;28;7;6;22;15;7;34;9;6;17;13;18;11;17;16;19;31;8;15;27;31;10;33;32;10;18;25;11;8;6;16;17;25;13;17;22;26;17;7;2;18;29;20;2;4;29;11;28;6;32;6;23;16;6;12;16;8;15;5;22;33;13;16;23;32;7;6;13;33;19;3;15;34;5;8;33;2;24;19;29;32;13;11;33;21;28;1;34;15;7;23;17;26;14;10;21;32;9;22;4;6;17;;;;;;;;;;;;;;;;;;;;;;;;;;;;;;;;;;;;;;;;;;;;;;;;;;;;;;;;;;;;;;;;;;;;;;;;;;;;;;;;;;;;;;;;;;;;;;;;;;;;;;;;;;;;;;;;;;;;;;;;;;;;;;;;;;;;;;;;;;;;;;;;;;;;;;;;;;;;;;;;;;;;;;;;;;;;;;;;;;;;;;;;;;;;;;;;;;;;;;;;;;;;;;;;;;;;;;;;;;
801;0;17;18;26;33;2;5;28;33;9;11;30;15;10;29;9;14;22;19;3;1;30;26;29;19;28;12;16;27;5;11;5;16;34;5;14;14;31;7;18;9;1;26;3;10;17;17;4;34;26;33;4;25;10;19;32;10;25;6;11;33;15;18;10;4;15;22;16;27;13;21;27;32;15;2;25;18;30;16;13;3;16;22;27;29;8;21;28;9;12;29;20;18;23;18;34;26;2;6;19;28;3;24;26;27;30;7;19;28;13;7;17;3;8;30;23;30;29;30;11;17;21;10;32;1;29;22;9;25;15;29;34;10;16;8;24;22;29;28;34;33;31;6;2;17;12;31;28;15;20;21;31;1;17;23;16;32;33;29;16;31;3;23;10;9;24;27;31;8;30;29;11;3;27;29;16;6;5;13;26;11;2;24;26;7;20;14;18;1;22;9;19;15;21;4;13;22;27;13;1;25;18;23;6;15;31;30;11;22;3;28;10;12;33;19;30;7;26;34;3;9;5;9;11;3;31;9;32;26;6;24;27;5;5;13;3;15;17;23;20;16;8;20;16;29;24;25;20;13;10;16;20;13;5;4;2;7;14;10;7;11;25;11;32;20;5;34;30;27;6;27;24;26;25;21;12;32;34;24;13;18;20;3;4;17;20;8;9;5;32;18;10;27;33;11;31;27;27;18;31;6;3;33;17;14;25;11;22;29;28;5;33;25;24;7;32;14;33;8;4;29;20;14;34;34;1;22;28;24;21;18;19;11;5;14;24;32;33;7;2;34;23;26;28;13;30;22;22;13;12;13;25;18;1;1;7;17;21;34;27;10;18;26;31;16;25;8;16;31;13;1;27;11;15;34;14;9;8;29;8;21;9;28;25;22;15;13;33;26;14;1;5;16;16;13;34;17;27;5;13;8;5;20;5;14;24;27;20;21;11;30;7;25;4;21;9;10;12;27;27;9;19;3;31;33;13;19;19;27;3;18;29;21;19;2;32;7;12;23;16;20;21;6;1;33;28;6;23;18;26;5;24;25;34;10;15;5;1;2;16;6;26;7;22;19;12;16;34;33;10;33;8;28;12;23;23;29;13;32;30;1;4;5;22;13;6;4;32;21;2;9;23;9;26;10;22;4;28;26;19;23;3;21;16;2;1;15;25;24;6;6;9;14;5;1;13;3;7;8;14;15;2;16;31;31;5;11;23;1;20;29;27;3;10;4;18;33;28;26;26;12;34;5;5;14;16;12;16;30;16;15;22;3;31;32;1;22;34;4;6;4;32;16;33;4;24;22;19;21;5;2;22;28;31;27;16;32;2;23;18;24;30;6;27;1;16;3;9;33;14;22;33;33;4;12;34;26;15;3;23;6;31;10;16;19;17;19;28;17;12;15;28;20;16;33;9;16;33;29;20;2;19;14;33;20;20;22;14;9;18;14;29;33;16;23;7;20;6;3;7;2;30;8;32;5;23;34;4;1;10;13;17;2;3;22;4;2;14;3;6;3;17;10;29;20;12;28;7;10;5;10;14;29;13;26;29;5;25;28;12;29;28;7;6;22;15;7;34;9;6;17;13;18;11;17;16;19;31;8;15;27;31;10;33;32;10;18;25;11;8;6;16;17;25;13;17;22;26;17;7;2;18;29;20;2;4;29;11;28;6;32;6;23;16;6;12;16;8;15;5;22;33;13;16;23;32;7;6;13;33;19;3;15;34;5;8;33;2;24;19;29;32;13;11;33;21;28;1;34;15;7;23;17;26;14;10;21;32;9;22;4;6;17;3;22;20;14;26;34;32;14;21;11;3;28;14;16;14;10;24;10;;;;;;;;;;;;;;;;;;;;;;;;;;;;;;;;;;;;;;;;;;;;;;;;;;;;;;;;;;;;;;;;;;;;;;;;;;;;;;;;;;;;;;;;;;;;;;;;;;;;;;;;;;;;;;;;;;;;;;;;;;;;;;;;;;;;;;;;;;;;;;;;;;;;;;;;;;;;;;;;;;;;;;;;;;;;;;;;;;;;;;;;;;;;;;;;;;;;;;;;
819;0;17;18;26;33;2;5;28;33;9;11;30;15;10;29;9;14;22;19;3;1;30;26;29;19;28;12;16;27;5;11;5;16;34;5;14;14;31;7;18;9;1;26;3;10;17;17;4;34;26;33;4;25;10;19;32;10;25;6;11;33;15;18;10;4;15;22;16;27;13;21;27;32;15;2;25;18;30;16;13;3;16;22;27;29;8;21;28;9;12;29;20;18;23;18;34;26;2;6;19;28;3;24;26;27;30;7;19;28;13;7;17;3;8;30;23;30;29;30;11;17;21;10;32;1;29;22;9;25;15;29;34;10;16;8;24;22;29;28;34;33;31;6;2;17;12;31;28;15;20;21;31;1;17;23;16;32;33;29;16;31;3;23;10;9;24;27;31;8;30;29;11;3;27;29;16;6;5;13;26;11;2;24;26;7;20;14;18;1;22;9;19;15;21;4;13;22;27;13;1;25;18;23;6;15;31;30;11;22;3;28;10;12;33;19;30;7;26;34;3;9;5;9;11;3;31;9;32;26;6;24;27;5;5;13;3;15;17;23;20;16;8;20;16;29;24;25;20;13;10;16;20;13;5;4;2;7;14;10;7;11;25;11;32;20;5;34;30;27;6;27;24;26;25;21;12;32;34;24;13;18;20;3;4;17;20;8;9;5;32;18;10;27;33;11;31;27;27;18;31;6;3;33;17;14;25;11;22;29;28;5;33;25;24;7;32;14;33;8;4;29;20;14;34;34;1;22;28;24;21;18;19;11;5;14;24;32;33;7;2;34;23;26;28;13;30;22;22;13;12;13;25;18;1;1;7;17;21;34;27;10;18;26;31;16;25;8;16;31;13;1;27;11;15;34;14;9;8;29;8;21;9;28;25;22;15;13;33;26;14;1;5;16;16;13;34;17;27;5;13;8;5;20;5;14;24;27;20;21;11;30;7;25;4;21;9;10;12;27;27;9;19;3;31;33;13;19;19;27;3;18;29;21;19;2;32;7;12;23;16;20;21;6;1;33;28;6;23;18;26;5;24;25;34;10;15;5;1;2;16;6;26;7;22;19;12;16;34;33;10;33;8;28;12;23;23;29;13;32;30;1;4;5;22;13;6;4;32;21;2;9;23;9;26;10;22;4;28;26;19;23;3;21;16;2;1;15;25;24;6;6;9;14;5;1;13;3;7;8;14;15;2;16;31;31;5;11;23;1;20;29;27;3;10;4;18;33;28;26;26;12;34;5;5;14;16;12;16;30;16;15;22;3;31;32;1;22;34;4;6;4;32;16;33;4;24;22;19;21;5;2;22;28;31;27;16;32;2;23;18;24;30;6;27;1;16;3;9;33;14;22;33;33;4;12;34;26;15;3;23;6;31;10;16;19;17;19;28;17;12;15;28;20;16;33;9;16;33;29;20;2;19;14;33;20;20;22;14;9;18;14;29;33;16;23;7;20;6;3;7;2;30;8;32;5;23;34;4;1;10;13;17;2;3;22;4;2;14;3;6;3;17;10;29;20;12;28;7;10;5;10;14;29;13;26;29;5;25;28;12;29;28;7;6;22;15;7;34;9;6;17;13;18;11;17;16;19;31;8;15;27;31;10;33;32;10;18;25;11;8;6;16;17;25;13;17;22;26;17;7;2;18;29;20;2;4;29;11;28;6;32;6;23;16;6;12;16;8;15;5;22;33;13;16;23;32;7;6;13;33;19;3;15;34;5;8;33;2;24;19;29;32;13;11;33;21;28;1;34;15;7;23;17;26;14;10;21;32;9;22;4;6;17;3;22;20;14;26;34;32;14;21;11;3;28;14;16;14;10;24;10;1;33;25;33;29;22;34;10;6;25;24;8;34;11;34;19;7;14;;;;;;;;;;;;;;;;;;;;;;;;;;;;;;;;;;;;;;;;;;;;;;;;;;;;;;;;;;;;;;;;;;;;;;;;;;;;;;;;;;;;;;;;;;;;;;;;;;;;;;;;;;;;;;;;;;;;;;;;;;;;;;;;;;;;;;;;;;;;;;;;;;;;;;;;;;;;;;;;;;;;;;;;;;;;;;;;;;;;;;
837;0;17;18;26;33;2;5;28;33;9;11;30;15;10;29;9;14;22;19;3;1;30;26;29;19;28;12;16;27;5;11;5;16;34;5;14;14;31;7;18;9;1;26;3;10;17;17;4;34;26;33;4;25;10;19;32;10;25;6;11;33;15;18;10;4;15;22;16;27;13;21;27;32;15;2;25;18;30;16;13;3;16;22;27;29;8;21;28;9;12;29;20;18;23;18;34;26;2;6;19;28;3;24;26;27;30;7;19;28;13;7;17;3;8;30;23;30;29;30;11;17;21;10;32;1;29;22;9;25;15;29;34;10;16;8;24;22;29;28;34;33;31;6;2;17;12;31;28;15;20;21;31;1;17;23;16;32;33;29;16;31;3;23;10;9;24;27;31;8;30;29;11;3;27;29;16;6;5;13;26;11;2;24;26;7;20;14;18;1;22;9;19;15;21;4;13;22;27;13;1;25;18;23;6;15;31;30;11;22;3;28;10;12;33;19;30;7;26;34;3;9;5;9;11;3;31;9;32;26;6;24;27;5;5;13;3;15;17;23;20;16;8;20;16;29;24;25;20;13;10;16;20;13;5;4;2;7;14;10;7;11;25;11;32;20;5;34;30;27;6;27;24;26;25;21;12;32;34;24;13;18;20;3;4;17;20;8;9;5;32;18;10;27;33;11;31;27;27;18;31;6;3;33;17;14;25;11;22;29;28;5;33;25;24;7;32;14;33;8;4;29;20;14;34;34;1;22;28;24;21;18;19;11;5;14;24;32;33;7;2;34;23;26;28;13;30;22;22;13;12;13;25;18;1;1;7;17;21;34;27;10;18;26;31;16;25;8;16;31;13;1;27;11;15;34;14;9;8;29;8;21;9;28;25;22;15;13;33;26;14;1;5;16;16;13;34;17;27;5;13;8;5;20;5;14;24;27;20;21;11;30;7;25;4;21;9;10;12;27;27;9;19;3;31;33;13;19;19;27;3;18;29;21;19;2;32;7;12;23;16;20;21;6;1;33;28;6;23;18;26;5;24;25;34;10;15;5;1;2;16;6;26;7;22;19;12;16;34;33;10;33;8;28;12;23;23;29;13;32;30;1;4;5;22;13;6;4;32;21;2;9;23;9;26;10;22;4;28;26;19;23;3;21;16;2;1;15;25;24;6;6;9;14;5;1;13;3;7;8;14;15;2;16;31;31;5;11;23;1;20;29;27;3;10;4;18;33;28;26;26;12;34;5;5;14;16;12;16;30;16;15;22;3;31;32;1;22;34;4;6;4;32;16;33;4;24;22;19;21;5;2;22;28;31;27;16;32;2;23;18;24;30;6;27;1;16;3;9;33;14;22;33;33;4;12;34;26;15;3;23;6;31;10;16;19;17;19;28;17;12;15;28;20;16;33;9;16;33;29;20;2;19;14;33;20;20;22;14;9;18;14;29;33;16;23;7;20;6;3;7;2;30;8;32;5;23;34;4;1;10;13;17;2;3;22;4;2;14;3;6;3;17;10;29;20;12;28;7;10;5;10;14;29;13;26;29;5;25;28;12;29;28;7;6;22;15;7;34;9;6;17;13;18;11;17;16;19;31;8;15;27;31;10;33;32;10;18;25;11;8;6;16;17;25;13;17;22;26;17;7;2;18;29;20;2;4;29;11;28;6;32;6;23;16;6;12;16;8;15;5;22;33;13;16;23;32;7;6;13;33;19;3;15;34;5;8;33;2;24;19;29;32;13;11;33;21;28;1;34;15;7;23;17;26;14;10;21;32;9;22;4;6;17;3;22;20;14;26;34;32;14;21;11;3;28;14;16;14;10;24;10;1;33;25;33;29;22;34;10;6;25;24;8;34;11;34;19;7;14;5;12;19;34;33;6;23;21;13;2;19;4;28;8;27;34;17;25;;;;;;;;;;;;;;;;;;;;;;;;;;;;;;;;;;;;;;;;;;;;;;;;;;;;;;;;;;;;;;;;;;;;;;;;;;;;;;;;;;;;;;;;;;;;;;;;;;;;;;;;;;;;;;;;;;;;;;;;;;;;;;;;;;;;;;;;;;;;;;;;;;;;;;;;;;;;;;;;;;;;
856;0;17;18;26;33;2;5;28;33;9;11;30;15;10;29;9;14;22;19;3;1;30;26;29;19;28;12;16;27;5;11;5;16;34;5;14;14;31;7;18;9;1;26;3;10;17;17;4;34;26;33;4;25;10;19;32;10;25;6;11;33;15;18;10;4;15;22;16;27;13;21;27;32;15;2;25;18;30;16;13;3;16;22;27;29;8;21;28;9;12;29;20;18;23;18;34;26;2;6;19;28;3;24;26;27;30;7;19;28;13;7;17;3;8;30;23;30;29;30;11;17;21;10;32;1;29;22;9;25;15;29;34;10;16;8;24;22;29;28;34;33;31;6;2;17;12;31;28;15;20;21;31;1;17;23;16;32;33;29;16;31;3;23;10;9;24;27;31;8;30;29;11;3;27;29;16;6;5;13;26;11;2;24;26;7;20;14;18;1;22;9;19;15;21;4;13;22;27;13;1;25;18;23;6;15;31;30;11;22;3;28;10;12;33;19;30;7;26;34;3;9;5;9;11;3;31;9;32;26;6;24;27;5;5;13;3;15;17;23;20;16;8;20;16;29;24;25;20;13;10;16;20;13;5;4;2;7;14;10;7;11;25;11;32;20;5;34;30;27;6;27;24;26;25;21;12;32;34;24;13;18;20;3;4;17;20;8;9;5;32;18;10;27;33;11;31;27;27;18;31;6;3;33;17;14;25;11;22;29;28;5;33;25;24;7;32;14;33;8;4;29;20;14;34;34;1;22;28;24;21;18;19;11;5;14;24;32;33;7;2;34;23;26;28;13;30;22;22;13;12;13;25;18;1;1;7;17;21;34;27;10;18;26;31;16;25;8;16;31;13;1;27;11;15;34;14;9;8;29;8;21;9;28;25;22;15;13;33;26;14;1;5;16;16;13;34;17;27;5;13;8;5;20;5;14;24;27;20;21;11;30;7;25;4;21;9;10;12;27;27;9;19;3;31;33;13;19;19;27;3;18;29;21;19;2;32;7;12;23;16;20;21;6;1;33;28;6;23;18;26;5;24;25;34;10;15;5;1;2;16;6;26;7;22;19;12;16;34;33;10;33;8;28;12;23;23;29;13;32;30;1;4;5;22;13;6;4;32;21;2;9;23;9;26;10;22;4;28;26;19;23;3;21;16;2;1;15;25;24;6;6;9;14;5;1;13;3;7;8;14;15;2;16;31;31;5;11;23;1;20;29;27;3;10;4;18;33;28;26;26;12;34;5;5;14;16;12;16;30;16;15;22;3;31;32;1;22;34;4;6;4;32;16;33;4;24;22;19;21;5;2;22;28;31;27;16;32;2;23;18;24;30;6;27;1;16;3;9;33;14;22;33;33;4;12;34;26;15;3;23;6;31;10;16;19;17;19;28;17;12;15;28;20;16;33;9;16;33;29;20;2;19;14;33;20;20;22;14;9;18;14;29;33;16;23;7;20;6;3;7;2;30;8;32;5;23;34;4;1;10;13;17;2;3;22;4;2;14;3;6;3;17;10;29;20;12;28;7;10;5;10;14;29;13;26;29;5;25;28;12;29;28;7;6;22;15;7;34;9;6;17;13;18;11;17;16;19;31;8;15;27;31;10;33;32;10;18;25;11;8;6;16;17;25;13;17;22;26;17;7;2;18;29;20;2;4;29;11;28;6;32;6;23;16;6;12;16;8;15;5;22;33;13;16;23;32;7;6;13;33;19;3;15;34;5;8;33;2;24;19;29;32;13;11;33;21;28;1;34;15;7;23;17;26;14;10;21;32;9;22;4;6;17;3;22;20;14;26;34;32;14;21;11;3;28;14;16;14;10;24;10;1;33;25;33;29;22;34;10;6;25;24;8;34;11;34;19;7;14;5;12;19;34;33;6;23;21;13;2;19;4;28;8;27;34;17;25;14;30;24;2;13;24;17;15;16;15;19;25;10;11;17;18;17;9;25;;;;;;;;;;;;;;;;;;;;;;;;;;;;;;;;;;;;;;;;;;;;;;;;;;;;;;;;;;;;;;;;;;;;;;;;;;;;;;;;;;;;;;;;;;;;;;;;;;;;;;;;;;;;;;;;;;;;;;;;;;;;;;;;;;;;;;;;;;;;;;;;;
876;0;17;18;26;33;2;5;28;33;9;11;30;15;10;29;9;14;22;19;3;1;30;26;29;19;28;12;16;27;5;11;5;16;34;5;14;14;31;7;18;9;1;26;3;10;17;17;4;34;26;33;4;25;10;19;32;10;25;6;11;33;15;18;10;4;15;22;16;27;13;21;27;32;15;2;25;18;30;16;13;3;16;22;27;29;8;21;28;9;12;29;20;18;23;18;34;26;2;6;19;28;3;24;26;27;30;7;19;28;13;7;17;3;8;30;23;30;29;30;11;17;21;10;32;1;29;22;9;25;15;29;34;10;16;8;24;22;29;28;34;33;31;6;2;17;12;31;28;15;20;21;31;1;17;23;16;32;33;29;16;31;3;23;10;9;24;27;31;8;30;29;11;3;27;29;16;6;5;13;26;11;2;24;26;7;20;14;18;1;22;9;19;15;21;4;13;22;27;13;1;25;18;23;6;15;31;30;11;22;3;28;10;12;33;19;30;7;26;34;3;9;5;9;11;3;31;9;32;26;6;24;27;5;5;13;3;15;17;23;20;16;8;20;16;29;24;25;20;13;10;16;20;13;5;4;2;7;14;10;7;11;25;11;32;20;5;34;30;27;6;27;24;26;25;21;12;32;34;24;13;18;20;3;4;17;20;8;9;5;32;18;10;27;33;11;31;27;27;18;31;6;3;33;17;14;25;11;22;29;28;5;33;25;24;7;32;14;33;8;4;29;20;14;34;34;1;22;28;24;21;18;19;11;5;14;24;32;33;7;2;34;23;26;28;13;30;22;22;13;12;13;25;18;1;1;7;17;21;34;27;10;18;26;31;16;25;8;16;31;13;1;27;11;15;34;14;9;8;29;8;21;9;28;25;22;15;13;33;26;14;1;5;16;16;13;34;17;27;5;13;8;5;20;5;14;24;27;20;21;11;30;7;25;4;21;9;10;12;27;27;9;19;3;31;33;13;19;19;27;3;18;29;21;19;2;32;7;12;23;16;20;21;6;1;33;28;6;23;18;26;5;24;25;34;10;15;5;1;2;16;6;26;7;22;19;12;16;34;33;10;33;8;28;12;23;23;29;13;32;30;1;4;5;22;13;6;4;32;21;2;9;23;9;26;10;22;4;28;26;19;23;3;21;16;2;1;15;25;24;6;6;9;14;5;1;13;3;7;8;14;15;2;16;31;31;5;11;23;1;20;29;27;3;10;4;18;33;28;26;26;12;34;5;5;14;16;12;16;30;16;15;22;3;31;32;1;22;34;4;6;4;32;16;33;4;24;22;19;21;5;2;22;28;31;27;16;32;2;23;18;24;30;6;27;1;16;3;9;33;14;22;33;33;4;12;34;26;15;3;23;6;31;10;16;19;17;19;28;17;12;15;28;20;16;33;9;16;33;29;20;2;19;14;33;20;20;22;14;9;18;14;29;33;16;23;7;20;6;3;7;2;30;8;32;5;23;34;4;1;10;13;17;2;3;22;4;2;14;3;6;3;17;10;29;20;12;28;7;10;5;10;14;29;13;26;29;5;25;28;12;29;28;7;6;22;15;7;34;9;6;17;13;18;11;17;16;19;31;8;15;27;31;10;33;32;10;18;25;11;8;6;16;17;25;13;17;22;26;17;7;2;18;29;20;2;4;29;11;28;6;32;6;23;16;6;12;16;8;15;5;22;33;13;16;23;32;7;6;13;33;19;3;15;34;5;8;33;2;24;19;29;32;13;11;33;21;28;1;34;15;7;23;17;26;14;10;21;32;9;22;4;6;17;3;22;20;14;26;34;32;14;21;11;3;28;14;16;14;10;24;10;1;33;25;33;29;22;34;10;6;25;24;8;34;11;34;19;7;14;5;12;19;34;33;6;23;21;13;2;19;4;28;8;27;34;17;25;14;30;24;2;13;24;17;15;16;15;19;25;10;11;17;18;17;9;25;14;21;19;28;6;6;10;34;15;1;17;10;28;1;22;2;20;28;30;5;;;;;;;;;;;;;;;;;;;;;;;;;;;;;;;;;;;;;;;;;;;;;;;;;;;;;;;;;;;;;;;;;;;;;;;;;;;;;;;;;;;;;;;;;;;;;;;;;;;;;;;;;;;;;;;;;;;;;;;;;;;;;
895;0;17;18;26;33;2;5;28;33;9;11;30;15;10;29;9;14;22;19;3;1;30;26;29;19;28;12;16;27;5;11;5;16;34;5;14;14;31;7;18;9;1;26;3;10;17;17;4;34;26;33;4;25;10;19;32;10;25;6;11;33;15;18;10;4;15;22;16;27;13;21;27;32;15;2;25;18;30;16;13;3;16;22;27;29;8;21;28;9;12;29;20;18;23;18;34;26;2;6;19;28;3;24;26;27;30;7;19;28;13;7;17;3;8;30;23;30;29;30;11;17;21;10;32;1;29;22;9;25;15;29;34;10;16;8;24;22;29;28;34;33;31;6;2;17;12;31;28;15;20;21;31;1;17;23;16;32;33;29;16;31;3;23;10;9;24;27;31;8;30;29;11;3;27;29;16;6;5;13;26;11;2;24;26;7;20;14;18;1;22;9;19;15;21;4;13;22;27;13;1;25;18;23;6;15;31;30;11;22;3;28;10;12;33;19;30;7;26;34;3;9;5;9;11;3;31;9;32;26;6;24;27;5;5;13;3;15;17;23;20;16;8;20;16;29;24;25;20;13;10;16;20;13;5;4;2;7;14;10;7;11;25;11;32;20;5;34;30;27;6;27;24;26;25;21;12;32;34;24;13;18;20;3;4;17;20;8;9;5;32;18;10;27;33;11;31;27;27;18;31;6;3;33;17;14;25;11;22;29;28;5;33;25;24;7;32;14;33;8;4;29;20;14;34;34;1;22;28;24;21;18;19;11;5;14;24;32;33;7;2;34;23;26;28;13;30;22;22;13;12;13;25;18;1;1;7;17;21;34;27;10;18;26;31;16;25;8;16;31;13;1;27;11;15;34;14;9;8;29;8;21;9;28;25;22;15;13;33;26;14;1;5;16;16;13;34;17;27;5;13;8;5;20;5;14;24;27;20;21;11;30;7;25;4;21;9;10;12;27;27;9;19;3;31;33;13;19;19;27;3;18;29;21;19;2;32;7;12;23;16;20;21;6;1;33;28;6;23;18;26;5;24;25;34;10;15;5;1;2;16;6;26;7;22;19;12;16;34;33;10;33;8;28;12;23;23;29;13;32;30;1;4;5;22;13;6;4;32;21;2;9;23;9;26;10;22;4;28;26;19;23;3;21;16;2;1;15;25;24;6;6;9;14;5;1;13;3;7;8;14;15;2;16;31;31;5;11;23;1;20;29;27;3;10;4;18;33;28;26;26;12;34;5;5;14;16;12;16;30;16;15;22;3;31;32;1;22;34;4;6;4;32;16;33;4;24;22;19;21;5;2;22;28;31;27;16;32;2;23;18;24;30;6;27;1;16;3;9;33;14;22;33;33;4;12;34;26;15;3;23;6;31;10;16;19;17;19;28;17;12;15;28;20;16;33;9;16;33;29;20;2;19;14;33;20;20;22;14;9;18;14;29;33;16;23;7;20;6;3;7;2;30;8;32;5;23;34;4;1;10;13;17;2;3;22;4;2;14;3;6;3;17;10;29;20;12;28;7;10;5;10;14;29;13;26;29;5;25;28;12;29;28;7;6;22;15;7;34;9;6;17;13;18;11;17;16;19;31;8;15;27;31;10;33;32;10;18;25;11;8;6;16;17;25;13;17;22;26;17;7;2;18;29;20;2;4;29;11;28;6;32;6;23;16;6;12;16;8;15;5;22;33;13;16;23;32;7;6;13;33;19;3;15;34;5;8;33;2;24;19;29;32;13;11;33;21;28;1;34;15;7;23;17;26;14;10;21;32;9;22;4;6;17;3;22;20;14;26;34;32;14;21;11;3;28;14;16;14;10;24;10;1;33;25;33;29;22;34;10;6;25;24;8;34;11;34;19;7;14;5;12;19;34;33;6;23;21;13;2;19;4;28;8;27;34;17;25;14;30;24;2;13;24;17;15;16;15;19;25;10;11;17;18;17;9;25;14;21;19;28;6;6;10;34;15;1;17;10;28;1;22;2;20;28;30;5;7;6;4;1;14;16;5;29;19;27;20;19;5;14;25;9;19;22;15;;;;;;;;;;;;;;;;;;;;;;;;;;;;;;;;;;;;;;;;;;;;;;;;;;;;;;;;;;;;;;;;;;;;;;;;;;;;;;;;;;;;;;;;;;;;;;;;;;;;;;;;;;
916;0;17;18;26;33;2;5;28;33;9;11;30;15;10;29;9;14;22;19;3;1;30;26;29;19;28;12;16;27;5;11;5;16;34;5;14;14;31;7;18;9;1;26;3;10;17;17;4;34;26;33;4;25;10;19;32;10;25;6;11;33;15;18;10;4;15;22;16;27;13;21;27;32;15;2;25;18;30;16;13;3;16;22;27;29;8;21;28;9;12;29;20;18;23;18;34;26;2;6;19;28;3;24;26;27;30;7;19;28;13;7;17;3;8;30;23;30;29;30;11;17;21;10;32;1;29;22;9;25;15;29;34;10;16;8;24;22;29;28;34;33;31;6;2;17;12;31;28;15;20;21;31;1;17;23;16;32;33;29;16;31;3;23;10;9;24;27;31;8;30;29;11;3;27;29;16;6;5;13;26;11;2;24;26;7;20;14;18;1;22;9;19;15;21;4;13;22;27;13;1;25;18;23;6;15;31;30;11;22;3;28;10;12;33;19;30;7;26;34;3;9;5;9;11;3;31;9;32;26;6;24;27;5;5;13;3;15;17;23;20;16;8;20;16;29;24;25;20;13;10;16;20;13;5;4;2;7;14;10;7;11;25;11;32;20;5;34;30;27;6;27;24;26;25;21;12;32;34;24;13;18;20;3;4;17;20;8;9;5;32;18;10;27;33;11;31;27;27;18;31;6;3;33;17;14;25;11;22;29;28;5;33;25;24;7;32;14;33;8;4;29;20;14;34;34;1;22;28;24;21;18;19;11;5;14;24;32;33;7;2;34;23;26;28;13;30;22;22;13;12;13;25;18;1;1;7;17;21;34;27;10;18;26;31;16;25;8;16;31;13;1;27;11;15;34;14;9;8;29;8;21;9;28;25;22;15;13;33;26;14;1;5;16;16;13;34;17;27;5;13;8;5;20;5;14;24;27;20;21;11;30;7;25;4;21;9;10;12;27;27;9;19;3;31;33;13;19;19;27;3;18;29;21;19;2;32;7;12;23;16;20;21;6;1;33;28;6;23;18;26;5;24;25;34;10;15;5;1;2;16;6;26;7;22;19;12;16;34;33;10;33;8;28;12;23;23;29;13;32;30;1;4;5;22;13;6;4;32;21;2;9;23;9;26;10;22;4;28;26;19;23;3;21;16;2;1;15;25;24;6;6;9;14;5;1;13;3;7;8;14;15;2;16;31;31;5;11;23;1;20;29;27;3;10;4;18;33;28;26;26;12;34;5;5;14;16;12;16;30;16;15;22;3;31;32;1;22;34;4;6;4;32;16;33;4;24;22;19;21;5;2;22;28;31;27;16;32;2;23;18;24;30;6;27;1;16;3;9;33;14;22;33;33;4;12;34;26;15;3;23;6;31;10;16;19;17;19;28;17;12;15;28;20;16;33;9;16;33;29;20;2;19;14;33;20;20;22;14;9;18;14;29;33;16;23;7;20;6;3;7;2;30;8;32;5;23;34;4;1;10;13;17;2;3;22;4;2;14;3;6;3;17;10;29;20;12;28;7;10;5;10;14;29;13;26;29;5;25;28;12;29;28;7;6;22;15;7;34;9;6;17;13;18;11;17;16;19;31;8;15;27;31;10;33;32;10;18;25;11;8;6;16;17;25;13;17;22;26;17;7;2;18;29;20;2;4;29;11;28;6;32;6;23;16;6;12;16;8;15;5;22;33;13;16;23;32;7;6;13;33;19;3;15;34;5;8;33;2;24;19;29;32;13;11;33;21;28;1;34;15;7;23;17;26;14;10;21;32;9;22;4;6;17;3;22;20;14;26;34;32;14;21;11;3;28;14;16;14;10;24;10;1;33;25;33;29;22;34;10;6;25;24;8;34;11;34;19;7;14;5;12;19;34;33;6;23;21;13;2;19;4;28;8;27;34;17;25;14;30;24;2;13;24;17;15;16;15;19;25;10;11;17;18;17;9;25;14;21;19;28;6;6;10;34;15;1;17;10;28;1;22;2;20;28;30;5;7;6;4;1;14;16;5;29;19;27;20;19;5;14;25;9;19;22;15;34;32;22;30;28;8;9;6;4;32;14;6;10;26;13;11;20;13;15;19;12;;;;;;;;;;;;;;;;;;;;;;;;;;;;;;;;;;;;;;;;;;;;;;;;;;;;;;;;;;;;;;;;;;;;;;;;;;;;;;;;;;;;;
936;0;17;18;26;33;2;5;28;33;9;11;30;15;10;29;9;14;22;19;3;1;30;26;29;19;28;12;16;27;5;11;5;16;34;5;14;14;31;7;18;9;1;26;3;10;17;17;4;34;26;33;4;25;10;19;32;10;25;6;11;33;15;18;10;4;15;22;16;27;13;21;27;32;15;2;25;18;30;16;13;3;16;22;27;29;8;21;28;9;12;29;20;18;23;18;34;26;2;6;19;28;3;24;26;27;30;7;19;28;13;7;17;3;8;30;23;30;29;30;11;17;21;10;32;1;29;22;9;25;15;29;34;10;16;8;24;22;29;28;34;33;31;6;2;17;12;31;28;15;20;21;31;1;17;23;16;32;33;29;16;31;3;23;10;9;24;27;31;8;30;29;11;3;27;29;16;6;5;13;26;11;2;24;26;7;20;14;18;1;22;9;19;15;21;4;13;22;27;13;1;25;18;23;6;15;31;30;11;22;3;28;10;12;33;19;30;7;26;34;3;9;5;9;11;3;31;9;32;26;6;24;27;5;5;13;3;15;17;23;20;16;8;20;16;29;24;25;20;13;10;16;20;13;5;4;2;7;14;10;7;11;25;11;32;20;5;34;30;27;6;27;24;26;25;21;12;32;34;24;13;18;20;3;4;17;20;8;9;5;32;18;10;27;33;11;31;27;27;18;31;6;3;33;17;14;25;11;22;29;28;5;33;25;24;7;32;14;33;8;4;29;20;14;34;34;1;22;28;24;21;18;19;11;5;14;24;32;33;7;2;34;23;26;28;13;30;22;22;13;12;13;25;18;1;1;7;17;21;34;27;10;18;26;31;16;25;8;16;31;13;1;27;11;15;34;14;9;8;29;8;21;9;28;25;22;15;13;33;26;14;1;5;16;16;13;34;17;27;5;13;8;5;20;5;14;24;27;20;21;11;30;7;25;4;21;9;10;12;27;27;9;19;3;31;33;13;19;19;27;3;18;29;21;19;2;32;7;12;23;16;20;21;6;1;33;28;6;23;18;26;5;24;25;34;10;15;5;1;2;16;6;26;7;22;19;12;16;34;33;10;33;8;28;12;23;23;29;13;32;30;1;4;5;22;13;6;4;32;21;2;9;23;9;26;10;22;4;28;26;19;23;3;21;16;2;1;15;25;24;6;6;9;14;5;1;13;3;7;8;14;15;2;16;31;31;5;11;23;1;20;29;27;3;10;4;18;33;28;26;26;12;34;5;5;14;16;12;16;30;16;15;22;3;31;32;1;22;34;4;6;4;32;16;33;4;24;22;19;21;5;2;22;28;31;27;16;32;2;23;18;24;30;6;27;1;16;3;9;33;14;22;33;33;4;12;34;26;15;3;23;6;31;10;16;19;17;19;28;17;12;15;28;20;16;33;9;16;33;29;20;2;19;14;33;20;20;22;14;9;18;14;29;33;16;23;7;20;6;3;7;2;30;8;32;5;23;34;4;1;10;13;17;2;3;22;4;2;14;3;6;3;17;10;29;20;12;28;7;10;5;10;14;29;13;26;29;5;25;28;12;29;28;7;6;22;15;7;34;9;6;17;13;18;11;17;16;19;31;8;15;27;31;10;33;32;10;18;25;11;8;6;16;17;25;13;17;22;26;17;7;2;18;29;20;2;4;29;11;28;6;32;6;23;16;6;12;16;8;15;5;22;33;13;16;23;32;7;6;13;33;19;3;15;34;5;8;33;2;24;19;29;32;13;11;33;21;28;1;34;15;7;23;17;26;14;10;21;32;9;22;4;6;17;3;22;20;14;26;34;32;14;21;11;3;28;14;16;14;10;24;10;1;33;25;33;29;22;34;10;6;25;24;8;34;11;34;19;7;14;5;12;19;34;33;6;23;21;13;2;19;4;28;8;27;34;17;25;14;30;24;2;13;24;17;15;16;15;19;25;10;11;17;18;17;9;25;14;21;19;28;6;6;10;34;15;1;17;10;28;1;22;2;20;28;30;5;7;6;4;1;14;16;5;29;19;27;20;19;5;14;25;9;19;22;15;34;32;22;30;28;8;9;6;4;32;14;6;10;26;13;11;20;13;15;19;12;32;24;1;28;6;19;25;9;14;31;10;5;33;14;9;32;25;25;33;3;;;;;;;;;;;;;;;;;;;;;;;;;;;;;;;;;;;;;;;;;;;;;;;;;;;;;;;;;;;;;;;;;
957;0;17;18;26;33;2;5;28;33;9;11;30;15;10;29;9;14;22;19;3;1;30;26;29;19;28;12;16;27;5;11;5;16;34;5;14;14;31;7;18;9;1;26;3;10;17;17;4;34;26;33;4;25;10;19;32;10;25;6;11;33;15;18;10;4;15;22;16;27;13;21;27;32;15;2;25;18;30;16;13;3;16;22;27;29;8;21;28;9;12;29;20;18;23;18;34;26;2;6;19;28;3;24;26;27;30;7;19;28;13;7;17;3;8;30;23;30;29;30;11;17;21;10;32;1;29;22;9;25;15;29;34;10;16;8;24;22;29;28;34;33;31;6;2;17;12;31;28;15;20;21;31;1;17;23;16;32;33;29;16;31;3;23;10;9;24;27;31;8;30;29;11;3;27;29;16;6;5;13;26;11;2;24;26;7;20;14;18;1;22;9;19;15;21;4;13;22;27;13;1;25;18;23;6;15;31;30;11;22;3;28;10;12;33;19;30;7;26;34;3;9;5;9;11;3;31;9;32;26;6;24;27;5;5;13;3;15;17;23;20;16;8;20;16;29;24;25;20;13;10;16;20;13;5;4;2;7;14;10;7;11;25;11;32;20;5;34;30;27;6;27;24;26;25;21;12;32;34;24;13;18;20;3;4;17;20;8;9;5;32;18;10;27;33;11;31;27;27;18;31;6;3;33;17;14;25;11;22;29;28;5;33;25;24;7;32;14;33;8;4;29;20;14;34;34;1;22;28;24;21;18;19;11;5;14;24;32;33;7;2;34;23;26;28;13;30;22;22;13;12;13;25;18;1;1;7;17;21;34;27;10;18;26;31;16;25;8;16;31;13;1;27;11;15;34;14;9;8;29;8;21;9;28;25;22;15;13;33;26;14;1;5;16;16;13;34;17;27;5;13;8;5;20;5;14;24;27;20;21;11;30;7;25;4;21;9;10;12;27;27;9;19;3;31;33;13;19;19;27;3;18;29;21;19;2;32;7;12;23;16;20;21;6;1;33;28;6;23;18;26;5;24;25;34;10;15;5;1;2;16;6;26;7;22;19;12;16;34;33;10;33;8;28;12;23;23;29;13;32;30;1;4;5;22;13;6;4;32;21;2;9;23;9;26;10;22;4;28;26;19;23;3;21;16;2;1;15;25;24;6;6;9;14;5;1;13;3;7;8;14;15;2;16;31;31;5;11;23;1;20;29;27;3;10;4;18;33;28;26;26;12;34;5;5;14;16;12;16;30;16;15;22;3;31;32;1;22;34;4;6;4;32;16;33;4;24;22;19;21;5;2;22;28;31;27;16;32;2;23;18;24;30;6;27;1;16;3;9;33;14;22;33;33;4;12;34;26;15;3;23;6;31;10;16;19;17;19;28;17;12;15;28;20;16;33;9;16;33;29;20;2;19;14;33;20;20;22;14;9;18;14;29;33;16;23;7;20;6;3;7;2;30;8;32;5;23;34;4;1;10;13;17;2;3;22;4;2;14;3;6;3;17;10;29;20;12;28;7;10;5;10;14;29;13;26;29;5;25;28;12;29;28;7;6;22;15;7;34;9;6;17;13;18;11;17;16;19;31;8;15;27;31;10;33;32;10;18;25;11;8;6;16;17;25;13;17;22;26;17;7;2;18;29;20;2;4;29;11;28;6;32;6;23;16;6;12;16;8;15;5;22;33;13;16;23;32;7;6;13;33;19;3;15;34;5;8;33;2;24;19;29;32;13;11;33;21;28;1;34;15;7;23;17;26;14;10;21;32;9;22;4;6;17;3;22;20;14;26;34;32;14;21;11;3;28;14;16;14;10;24;10;1;33;25;33;29;22;34;10;6;25;24;8;34;11;34;19;7;14;5;12;19;34;33;6;23;21;13;2;19;4;28;8;27;34;17;25;14;30;24;2;13;24;17;15;16;15;19;25;10;11;17;18;17;9;25;14;21;19;28;6;6;10;34;15;1;17;10;28;1;22;2;20;28;30;5;7;6;4;1;14;16;5;29;19;27;20;19;5;14;25;9;19;22;15;34;32;22;30;28;8;9;6;4;32;14;6;10;26;13;11;20;13;15;19;12;32;24;1;28;6;19;25;9;14;31;10;5;33;14;9;32;25;25;33;3;26;21;25;20;25;25;28;12;10;17;22;12;28;25;31;22;31;15;31;24;4;;;;;;;;;;;;;;;;;;;;;;;;;;;;;;;;;;;;;;;;;;;;
979;0;17;18;26;33;2;5;28;33;9;11;30;15;10;29;9;14;22;19;3;1;30;26;29;19;28;12;16;27;5;11;5;16;34;5;14;14;31;7;18;9;1;26;3;10;17;17;4;34;26;33;4;25;10;19;32;10;25;6;11;33;15;18;10;4;15;22;16;27;13;21;27;32;15;2;25;18;30;16;13;3;16;22;27;29;8;21;28;9;12;29;20;18;23;18;34;26;2;6;19;28;3;24;26;27;30;7;19;28;13;7;17;3;8;30;23;30;29;30;11;17;21;10;32;1;29;22;9;25;15;29;34;10;16;8;24;22;29;28;34;33;31;6;2;17;12;31;28;15;20;21;31;1;17;23;16;32;33;29;16;31;3;23;10;9;24;27;31;8;30;29;11;3;27;29;16;6;5;13;26;11;2;24;26;7;20;14;18;1;22;9;19;15;21;4;13;22;27;13;1;25;18;23;6;15;31;30;11;22;3;28;10;12;33;19;30;7;26;34;3;9;5;9;11;3;31;9;32;26;6;24;27;5;5;13;3;15;17;23;20;16;8;20;16;29;24;25;20;13;10;16;20;13;5;4;2;7;14;10;7;11;25;11;32;20;5;34;30;27;6;27;24;26;25;21;12;32;34;24;13;18;20;3;4;17;20;8;9;5;32;18;10;27;33;11;31;27;27;18;31;6;3;33;17;14;25;11;22;29;28;5;33;25;24;7;32;14;33;8;4;29;20;14;34;34;1;22;28;24;21;18;19;11;5;14;24;32;33;7;2;34;23;26;28;13;30;22;22;13;12;13;25;18;1;1;7;17;21;34;27;10;18;26;31;16;25;8;16;31;13;1;27;11;15;34;14;9;8;29;8;21;9;28;25;22;15;13;33;26;14;1;5;16;16;13;34;17;27;5;13;8;5;20;5;14;24;27;20;21;11;30;7;25;4;21;9;10;12;27;27;9;19;3;31;33;13;19;19;27;3;18;29;21;19;2;32;7;12;23;16;20;21;6;1;33;28;6;23;18;26;5;24;25;34;10;15;5;1;2;16;6;26;7;22;19;12;16;34;33;10;33;8;28;12;23;23;29;13;32;30;1;4;5;22;13;6;4;32;21;2;9;23;9;26;10;22;4;28;26;19;23;3;21;16;2;1;15;25;24;6;6;9;14;5;1;13;3;7;8;14;15;2;16;31;31;5;11;23;1;20;29;27;3;10;4;18;33;28;26;26;12;34;5;5;14;16;12;16;30;16;15;22;3;31;32;1;22;34;4;6;4;32;16;33;4;24;22;19;21;5;2;22;28;31;27;16;32;2;23;18;24;30;6;27;1;16;3;9;33;14;22;33;33;4;12;34;26;15;3;23;6;31;10;16;19;17;19;28;17;12;15;28;20;16;33;9;16;33;29;20;2;19;14;33;20;20;22;14;9;18;14;29;33;16;23;7;20;6;3;7;2;30;8;32;5;23;34;4;1;10;13;17;2;3;22;4;2;14;3;6;3;17;10;29;20;12;28;7;10;5;10;14;29;13;26;29;5;25;28;12;29;28;7;6;22;15;7;34;9;6;17;13;18;11;17;16;19;31;8;15;27;31;10;33;32;10;18;25;11;8;6;16;17;25;13;17;22;26;17;7;2;18;29;20;2;4;29;11;28;6;32;6;23;16;6;12;16;8;15;5;22;33;13;16;23;32;7;6;13;33;19;3;15;34;5;8;33;2;24;19;29;32;13;11;33;21;28;1;34;15;7;23;17;26;14;10;21;32;9;22;4;6;17;3;22;20;14;26;34;32;14;21;11;3;28;14;16;14;10;24;10;1;33;25;33;29;22;34;10;6;25;24;8;34;11;34;19;7;14;5;12;19;34;33;6;23;21;13;2;19;4;28;8;27;34;17;25;14;30;24;2;13;24;17;15;16;15;19;25;10;11;17;18;17;9;25;14;21;19;28;6;6;10;34;15;1;17;10;28;1;22;2;20;28;30;5;7;6;4;1;14;16;5;29;19;27;20;19;5;14;25;9;19;22;15;34;32;22;30;28;8;9;6;4;32;14;6;10;26;13;11;20;13;15;19;12;32;24;1;28;6;19;25;9;14;31;10;5;33;14;9;32;25;25;33;3;26;21;25;20;25;25;28;12;10;17;22;12;28;25;31;22;31;15;31;24;4;11;13;26;16;13;31;33;15;9;10;9;1;20;10;22;27;11;1;20;6;22;11;;;;;;;;;;;;;;;;;;;;;;
1001;0;17;18;26;33;2;5;28;33;9;11;30;15;10;29;9;14;22;19;3;1;30;26;29;19;28;12;16;27;5;11;5;16;34;5;14;14;31;7;18;9;1;26;3;10;17;17;4;34;26;33;4;25;10;19;32;10;25;6;11;33;15;18;10;4;15;22;16;27;13;21;27;32;15;2;25;18;30;16;13;3;16;22;27;29;8;21;28;9;12;29;20;18;23;18;34;26;2;6;19;28;3;24;26;27;30;7;19;28;13;7;17;3;8;30;23;30;29;30;11;17;21;10;32;1;29;22;9;25;15;29;34;10;16;8;24;22;29;28;34;33;31;6;2;17;12;31;28;15;20;21;31;1;17;23;16;32;33;29;16;31;3;23;10;9;24;27;31;8;30;29;11;3;27;29;16;6;5;13;26;11;2;24;26;7;20;14;18;1;22;9;19;15;21;4;13;22;27;13;1;25;18;23;6;15;31;30;11;22;3;28;10;12;33;19;30;7;26;34;3;9;5;9;11;3;31;9;32;26;6;24;27;5;5;13;3;15;17;23;20;16;8;20;16;29;24;25;20;13;10;16;20;13;5;4;2;7;14;10;7;11;25;11;32;20;5;34;30;27;6;27;24;26;25;21;12;32;34;24;13;18;20;3;4;17;20;8;9;5;32;18;10;27;33;11;31;27;27;18;31;6;3;33;17;14;25;11;22;29;28;5;33;25;24;7;32;14;33;8;4;29;20;14;34;34;1;22;28;24;21;18;19;11;5;14;24;32;33;7;2;34;23;26;28;13;30;22;22;13;12;13;25;18;1;1;7;17;21;34;27;10;18;26;31;16;25;8;16;31;13;1;27;11;15;34;14;9;8;29;8;21;9;28;25;22;15;13;33;26;14;1;5;16;16;13;34;17;27;5;13;8;5;20;5;14;24;27;20;21;11;30;7;25;4;21;9;10;12;27;27;9;19;3;31;33;13;19;19;27;3;18;29;21;19;2;32;7;12;23;16;20;21;6;1;33;28;6;23;18;26;5;24;25;34;10;15;5;1;2;16;6;26;7;22;19;12;16;34;33;10;33;8;28;12;23;23;29;13;32;30;1;4;5;22;13;6;4;32;21;2;9;23;9;26;10;22;4;28;26;19;23;3;21;16;2;1;15;25;24;6;6;9;14;5;1;13;3;7;8;14;15;2;16;31;31;5;11;23;1;20;29;27;3;10;4;18;33;28;26;26;12;34;5;5;14;16;12;16;30;16;15;22;3;31;32;1;22;34;4;6;4;32;16;33;4;24;22;19;21;5;2;22;28;31;27;16;32;2;23;18;24;30;6;27;1;16;3;9;33;14;22;33;33;4;12;34;26;15;3;23;6;31;10;16;19;17;19;28;17;12;15;28;20;16;33;9;16;33;29;20;2;19;14;33;20;20;22;14;9;18;14;29;33;16;23;7;20;6;3;7;2;30;8;32;5;23;34;4;1;10;13;17;2;3;22;4;2;14;3;6;3;17;10;29;20;12;28;7;10;5;10;14;29;13;26;29;5;25;28;12;29;28;7;6;22;15;7;34;9;6;17;13;18;11;17;16;19;31;8;15;27;31;10;33;32;10;18;25;11;8;6;16;17;25;13;17;22;26;17;7;2;18;29;20;2;4;29;11;28;6;32;6;23;16;6;12;16;8;15;5;22;33;13;16;23;32;7;6;13;33;19;3;15;34;5;8;33;2;24;19;29;32;13;11;33;21;28;1;34;15;7;23;17;26;14;10;21;32;9;22;4;6;17;3;22;20;14;26;34;32;14;21;11;3;28;14;16;14;10;24;10;1;33;25;33;29;22;34;10;6;25;24;8;34;11;34;19;7;14;5;12;19;34;33;6;23;21;13;2;19;4;28;8;27;34;17;25;14;30;24;2;13;24;17;15;16;15;19;25;10;11;17;18;17;9;25;14;21;19;28;6;6;10;34;15;1;17;10;28;1;22;2;20;28;30;5;7;6;4;1;14;16;5;29;19;27;20;19;5;14;25;9;19;22;15;34;32;22;30;28;8;9;6;4;32;14;6;10;26;13;11;20;13;15;19;12;32;24;1;28;6;19;25;9;14;31;10;5;33;14;9;32;25;25;33;3;26;21;25;20;25;25;28;12;10;17;22;12;28;25;31;22;31;15;31;24;4;11;13;26;16;13;31;33;15;9;10;9;1;20;10;22;27;11;1;20;6;22;11;30;19;24;13;15;31;20;8;4;20;28;27;2;32;24;30;34;5;2;27;33;23
